6,A_FISH_CALLED_WANDA,1,2,4,1,1,5,2,4,5,5,1,1,1,1,4,1,1,1,0.883,2.137
6,AMERICAN_HISTORY_X,1,3,1,1,1,1,1,1,5,5,1,1,1,1,1,1,1,1,0.908,0.771
6,CHILDS_PLAY_II,1,1,1,1,1,1,4,5,1,1,1,1,1,1,1,1,1,1,0.865,2.982
6,COPYCAT,1,3,1,1,1,1,1,1,4,1,1,1,1,1,1,1,1,1,0.908,0.771
6,DEAD_POETS_SOCIETY_1,2,2,4,2,3,1,1,1,1,1,1,1,1,1,2,1,1,1,1.02,0.867
6,DEAD_POETS_SOCIETY_2,3,3,4,4,1,1,1,1,1,1,1,3,3,1,2,3,1,1,2.3,0.745
10,A_FISH_CALLED_WANDA,3,1,3,1,4,2,3,2,4,3,3,1,1,1,3,1,1,1,0.882,2.118
10,AMERICAN_HISTORY_X,1,1,3,1,4,5,4,4,5,4,4,1,1,1,1,1,1,1,0.862,3.206
10,CHILDS_PLAY_II,1,1,3,1,1,1,3,3,1,1,4,1,1,1,1,1,1,1,0.882,2.107
10,COPYCAT,2,3,1,1,1,1,3,3,2,1,3,1,1,1,1,1,1,1,0.882,2.107
10,DEAD_POETS_SOCIETY_1,2,2,1,1,1,1,2,3,1,1,1,1,1,1,1,1,1,1,0.891,1.646
10,DEAD_POETS_SOCIETY_2,4,4,4,5,1,1,1,1,1,1,1,3,2,1,5,3,3,1,2.982,0.733
10,FOREST_GUMP,3,5,3,1,2,2,1,3,5,5,1,1,1,1,1,1,1,1,0.898,1.305
10,SE7EN_1,3,2,3,1,1,1,1,3,3,2,1,1,1,1,1,1,1,1,0.9,1.185
10,SE7EN_3,3,1,3,1,1,1,1,2,2,1,1,1,1,1,1,1,1,1,0.904,0.978
10,THE_PROFESSIONAL,3,2,2,1,1,1,3,3,1,1,1,1,1,1,1,1,1,1,0.882,2.107
10,SOMETHING_ABOUT_MARY,4,4,3,3,1,1,1,1,1,1,1,1,1,1,1,1,1,1,1.136,0.767
10,TRAINSPOTTING,2,5,2,1,1,1,1,2,5,2,2,1,1,1,1,1,1,1,0.904,0.978
14,A_FISH_CALLED_WANDA,1,2,3,3,1,1,1,1,1,1,1,1,1,1,1,1,2,1,1.42,0.762
14,AMERICAN_HISTORY_X,1,4,5,1,2,1,1,5,5,5,1,1,1,1,4,1,1,1,0.891,1.648
14,CHILDS_PLAY_II,4,1,4,3,1,1,3,3,1,1,2,1,1,1,1,1,1,1,1.11,2.103
14,COPYCAT,2,4,4,1,1,4,2,3,4,4,1,1,1,1,1,1,1,1,0.888,1.859
14,DEAD_POETS_SOCIETY_1,1,3,3,1,2,1,1,3,1,1,1,1,1,1,2,1,2,1,1.183,1.229
14,DEAD_POETS_SOCIETY_2,4,4,4,3,2,1,1,1,1,1,1,3,2,1,3,3,3,1,2.753,0.786
14,FOREST_GUMP,5,2,4,3,2,1,1,1,1,1,1,4,4,1,3,3,2,1,2.648,0.788
14,SE7EN_1,2,2,3,1,2,2,1,3,4,4,1,1,1,1,3,1,1,1,0.898,1.305
14,SE7EN_3,2,2,3,1,1,1,1,4,4,2,1,1,1,1,1,1,1,1,0.896,1.392
14,THE_PROFESSIONAL,2,3,3,1,1,1,1,3,1,1,1,1,1,1,3,1,1,1,0.9,1.185
14,SOMETHING_ABOUT_MARY,2,2,3,2,1,1,1,1,4,2,1,1,1,1,1,1,1,1,1.022,0.769
14,TRAINSPOTTING,1,2,3,1,1,2,1,1,5,2,2,1,1,1,1,1,1,1,0.907,0.842
19,A_FISH_CALLED_WANDA,2,2,2,1,1,1,1,1,1,1,1,1,1,1,1,1,1,1,0.908,0.771
19,AMERICAN_HISTORY_X,1,3,3,1,1,1,2,3,1,1,1,1,1,1,1,1,1,1,0.891,1.646
19,CHILDS_PLAY_II,2,1,3,1,1,1,1,3,1,1,1,1,1,1,1,1,1,1,0.9,1.185
19,COPYCAT,2,3,3,1,1,1,2,2,1,1,1,1,1,1,1,1,1,1,0.895,1.439
19,DEAD_POETS_SOCIETY_1,2,1,2,1,2,1,1,1,1,1,1,1,1,1,1,1,1,1,0.907,0.82
19,DEAD_POETS_SOCIETY_2,2,2,2,1,1,1,1,1,1,1,1,1,1,1,2,1,1,1,0.908,0.771
19,FOREST_GUMP,1,4,1,1,1,1,1,1,1,1,1,1,1,1,1,1,1,1,0.908,0.771
19,SE7EN_1,2,2,2,1,1,1,1,1,1,1,1,1,1,1,1,1,1,1,0.908,0.771
19,SE7EN_3,2,2,1,1,1,1,1,1,1,1,1,1,1,1,1,1,1,1,0.908,0.771
19,THE_PROFESSIONAL,2,2,3,1,1,1,1,1,1,1,1,1,1,1,1,1,1,1,0.908,0.771
19,SOMETHING_ABOUT_MARY,2,3,1,1,1,1,1,1,1,1,1,1,1,1,1,1,1,1,0.908,0.771
19,TRAINSPOTTING,1,2,1,1,1,1,1,1,3,1,1,1,1,1,1,1,1,1,0.908,0.771
23,A_FISH_CALLED_WANDA,2,2,2,1,1,1,2,2,2,1,1,1,1,1,1,1,1,1,0.895,1.439
23,AMERICAN_HISTORY_X,3,1,4,1,1,1,2,2,1,1,2,1,1,1,1,1,1,1,0.895,1.439
23,CHILDS_PLAY_II,4,2,4,4,1,1,2,2,1,1,1,3,1,1,1,2,1,1,1.941,1.42
23,COPYCAT,4,2,3,1,1,1,1,1,1,1,1,1,1,1,1,2,1,1,1.254,0.764
23,DEAD_POETS_SOCIETY_1,5,3,5,1,5,3,3,3,1,1,1,1,1,1,1,1,1,1,0.876,2.445
23,DEAD_POETS_SOCIETY_2,5,4,5,5,3,1,1,1,1,1,1,5,5,1,5,5,3,1,4.03,0.811
23,FOREST_GUMP,4,5,5,5,3,1,1,1,1,1,1,5,5,1,5,5,5,1,4.598,0.801
23,SE7EN_1,5,4,5,3,3,1,4,4,1,1,1,1,1,1,1,3,1,1,1.787,2.855
23,SE7EN_3,2,3,1,1,1,1,1,1,1,1,1,1,1,1,1,1,1,1,0.908,0.771
23,THE_PROFESSIONAL,4,4,2,1,1,1,2,2,1,1,1,1,1,1,1,1,1,1,0.895,1.439
23,SOMETHING_ABOUT_MARY,4,3,3,3,1,1,1,1,1,1,1,1,1,1,1,1,2,1,1.42,0.762
23,TRAINSPOTTING,5,4,5,5,1,1,1,1,5,1,1,1,1,1,1,1,1,1,1.364,0.763
28,A_FISH_CALLED_WANDA,2,4,2,1,1,1,1,1,3,1,1,1,1,1,1,1,1,1,0.908,0.771
28,AMERICAN_HISTORY_X,2,3,1,1,1,1,1,1,1,1,1,1,1,1,1,1,1,1,0.908,0.771
28,CHILDS_PLAY_II,2,3,1,1,1,1,2,3,1,1,1,1,1,1,1,1,1,1,0.891,1.646
28,COPYCAT,1,4,1,1,1,3,1,1,2,1,1,1,1,1,1,1,1,1,0.906,0.913
31,A_FISH_CALLED_WANDA,4,4,3,4,1,1,1,1,1,1,3,1,1,1,1,1,1,2,1.25,0.765
31,AMERICAN_HISTORY_X,3,1,2,1,2,3,3,4,2,4,1,1,1,1,1,1,1,1,0.875,2.505
31,CHILDS_PLAY_II,1,2,1,1,1,1,1,1,2,1,1,1,1,1,1,1,1,1,0.908,0.771
31,COPYCAT,3,5,3,1,1,3,2,3,3,4,1,1,1,1,1,1,1,1,0.889,1.788
31,DEAD_POETS_SOCIETY_1,1,2,1,1,1,1,1,2,1,1,1,1,1,1,1,1,1,1,0.904,0.978
31,DEAD_POETS_SOCIETY_2,3,5,2,3,1,1,1,2,1,1,2,3,1,1,3,1,1,1,1.49,0.968
31,FOREST_GUMP,3,3,3,1,1,1,1,1,1,1,1,2,2,1,2,1,1,1,1.087,0.768
31,SE7EN_1,3,3,3,1,1,1,1,2,1,2,1,1,1,1,1,1,1,1,0.904,0.978
31,SE7EN_3,1,1,1,1,1,1,1,1,1,1,1,1,1,1,1,1,1,1,0.908,0.771
31,THE_PROFESSIONAL,2,5,2,1,1,2,1,1,1,1,1,1,1,1,2,1,1,1,0.907,0.842
31,SOMETHING_ABOUT_MARY,2,4,1,1,1,1,1,1,2,1,2,1,1,1,1,1,1,1,0.908,0.771
31,TRAINSPOTTING,2,2,2,2,1,1,1,1,4,2,2,1,1,1,1,1,1,1,1.022,0.769
33,A_FISH_CALLED_WANDA,3,1,4,1,3,2,3,4,2,3,1,1,1,1,2,1,1,1,0.875,2.483
33,AMERICAN_HISTORY_X,3,1,2,1,2,3,3,3,3,5,1,1,1,1,1,1,1,1,0.879,2.298
33,CHILDS_PLAY_II,1,1,2,1,1,2,1,1,3,2,1,1,1,1,1,1,1,1,0.907,0.842
33,COPYCAT,2,1,3,1,1,3,2,3,2,3,1,1,1,1,1,1,1,1,0.889,1.788
33,DEAD_POETS_SOCIETY_1,1,1,1,1,1,1,1,1,2,1,1,1,1,1,1,1,1,1,0.908,0.771
33,DEAD_POETS_SOCIETY_2,4,1,2,2,1,1,1,1,1,1,1,2,1,1,3,2,1,1,1.547,0.759
34,A_FISH_CALLED_WANDA,3,2,3,4,1,1,1,1,3,2,3,2,1,2,1,1,1,2,1.429,0.762
34,AMERICAN_HISTORY_X,1,3,3,1,3,3,4,4,4,4,2,1,1,1,1,1,1,1,0.865,3.015
34,CHILDS_PLAY_II,1,3,3,1,2,1,5,5,4,4,3,1,1,1,1,1,1,1,0.855,3.492
34,COPYCAT,1,3,3,1,3,1,3,3,3,3,3,1,1,1,1,1,1,1,0.88,2.205
34,DEAD_POETS_SOCIETY_1,2,3,3,1,3,1,3,3,1,1,1,1,1,1,1,1,1,1,0.88,2.205
34,DEAD_POETS_SOCIETY_2,4,4,4,4,2,1,1,1,1,1,2,4,4,1,4,3,2,1,2.762,0.786
34,FOREST_GUMP,4,4,4,4,1,1,1,1,1,1,1,4,4,1,4,3,4,1,3.331,0.727
34,SE7EN_1,2,2,3,1,2,3,1,1,3,3,1,1,1,1,1,1,1,1,0.905,0.962
34,SE7EN_3,1,2,3,1,1,1,1,2,3,3,1,1,1,1,1,1,1,1,0.904,0.978
34,THE_PROFESSIONAL,3,3,3,1,2,1,2,2,1,1,1,1,1,1,2,1,1,1,0.894,1.488
34,SOMETHING_ABOUT_MARY,4,5,4,4,1,1,1,1,1,1,1,3,1,1,1,1,2,1,1.892,0.754
34,TRAINSPOTTING,2,5,2,2,1,1,1,1,5,5,3,1,1,1,1,1,1,1,1.022,0.769
35,A_FISH_CALLED_WANDA,4,2,4,4,1,1,1,1,1,1,1,3,1,1,1,2,2,1,2.238,0.747
35,AMERICAN_HISTORY_X,4,2,4,2,1,1,1,1,1,1,3,1,1,1,3,2,1,1,1.368,0.762
35,CHILDS_PLAY_II,4,2,4,3,1,1,2,2,1,1,3,3,1,1,1,2,1,1,1.827,1.422
35,COPYCAT,4,3,4,2,1,1,1,1,1,1,1,1,1,1,1,1,1,1,1.022,0.769
35,DEAD_POETS_SOCIETY_1,4,4,4,1,2,1,1,1,1,1,1,1,1,1,2,1,1,1,0.907,0.82
35,DEAD_POETS_SOCIETY_2,4,4,4,4,1,1,1,1,1,1,1,3,3,1,3,3,2,1,2.584,0.74
35,FOREST_GUMP,4,2,4,3,1,1,1,1,1,1,1,3,3,1,2,2,2,1,2.124,0.749
35,SE7EN_1,4,2,4,3,1,1,1,1,1,1,1,1,1,1,1,2,1,1,1.482,0.76
35,SE7EN_3,2,2,4,1,1,1,1,1,1,1,1,1,1,1,1,1,1,1,0.908,0.771
35,THE_PROFESSIONAL,4,4,4,3,1,1,1,1,1,1,1,2,2,1,2,3,2,1,2.291,0.745
35,SOMETHING_ABOUT_MARY,2,3,3,1,1,1,1,1,1,1,1,1,1,1,1,1,1,1,0.908,0.771
35,TRAINSPOTTING,4,3,4,2,1,1,1,1,2,1,2,1,1,1,1,2,1,1,1.368,0.762
36,A_FISH_CALLED_WANDA,4,3,3,3,3,3,3,3,3,3,3,3,3,3,3,3,3,3,2.724,2.313
36,AMERICAN_HISTORY_X,4,3,3,3,3,3,3,3,3,3,3,3,3,3,3,3,3,3,2.724,2.313
36,CHILDS_PLAY_II,4,3,3,3,3,3,3,3,3,3,3,3,3,3,3,3,3,3,2.724,2.313
36,COPYCAT,4,3,3,3,3,3,3,3,3,3,3,3,3,3,3,3,3,3,2.724,2.313
36,DEAD_POETS_SOCIETY_1,4,3,3,3,3,3,3,3,3,3,3,3,3,3,3,3,3,3,2.724,2.313
36,DEAD_POETS_SOCIETY_2,4,3,3,3,3,3,3,3,3,3,3,3,3,3,3,3,3,3,2.724,2.313
36,FOREST_GUMP,4,3,3,3,3,3,3,3,3,3,3,3,3,3,3,3,3,3,2.724,2.313
36,SE7EN_1,4,3,3,3,3,3,3,3,3,3,3,3,3,3,3,3,3,3,2.724,2.313
36,SE7EN_3,4,3,3,3,3,3,3,3,3,3,3,3,3,3,3,3,3,3,2.724,2.313
36,THE_PROFESSIONAL,4,3,3,3,3,3,3,3,3,3,3,3,3,3,3,3,3,3,2.724,2.313
36,SOMETHING_ABOUT_MARY,4,3,3,3,3,3,3,3,3,3,3,3,3,3,3,3,3,3,2.724,2.313
36,TRAINSPOTTING,4,3,3,3,3,3,3,3,3,3,3,3,3,3,3,3,3,3,2.724,2.313
37,A_FISH_CALLED_WANDA,4,1,3,3,1,2,2,2,3,2,4,4,4,2,2,2,3,2,2.573,1.48
37,AMERICAN_HISTORY_X,1,1,2,1,4,3,4,4,2,3,2,2,2,2,2,2,1,1,1.389,3.054
37,CHILDS_PLAY_II,3,2,3,2,2,2,5,5,2,2,4,2,2,2,2,1,1,1,1.147,3.558
37,COPYCAT,3,4,3,3,2,2,2,2,2,2,4,2,2,2,2,2,1,1,1.646,1.545
37,DEAD_POETS_SOCIETY_1,4,5,4,2,3,1,3,3,1,1,3,1,1,1,1,1,1,1,0.994,2.203
37,DEAD_POETS_SOCIETY_2,5,5,5,4,1,1,1,1,1,1,4,4,4,1,3,4,3,1,3.393,0.725
37,FOREST_GUMP,4,3,4,4,3,1,1,1,1,1,2,4,4,1,2,2,2,1,2.415,0.842
37,SE7EN_1,4,3,4,1,2,1,1,3,1,1,3,2,1,1,1,1,1,1,1.078,1.231
37,SE7EN_3,2,2,2,1,1,1,3,3,1,1,2,1,1,1,1,1,1,1,0.882,2.107
37,THE_PROFESSIONAL,4,3,4,2,3,2,2,4,1,1,3,1,1,1,1,1,1,1,0.998,2.02
37,SOMETHING_ABOUT_MARY,4,3,4,4,2,1,1,1,2,1,2,2,2,1,1,2,2,1,2.058,0.799
37,TRAINSPOTTING,4,3,3,1,1,1,1,1,5,3,3,1,1,1,1,1,1,1,0.908,0.771
40,A_FISH_CALLED_WANDA,1,3,3,2,2,3,2,1,4,2,1,1,1,1,1,1,1,2,1.01,1.421
40,AMERICAN_HISTORY_X,1,2,2,1,3,4,1,1,3,3,1,1,1,1,1,1,1,2,0.903,1.082
40,CHILDS_PLAY_II,1,3,2,1,1,2,4,4,2,1,1,1,1,1,1,1,1,1,0.868,2.846
40,COPYCAT,2,2,3,1,3,3,3,4,1,1,1,1,1,1,1,1,1,1,0.874,2.554
40,DEAD_POETS_SOCIETY_1,2,3,3,2,3,1,2,3,1,1,1,1,1,1,1,1,1,1,1.003,1.742
40,DEAD_POETS_SOCIETY_2,4,4,4,4,1,1,1,1,1,1,1,4,4,1,3,4,3,1,3.393,0.725
40,FOREST_GUMP,2,2,2,2,1,1,1,1,1,1,1,2,2,1,1,2,2,1,1.831,0.754
40,SE7EN_1,2,2,2,1,1,1,1,1,1,1,1,1,1,1,1,1,1,1,0.908,0.771
40,SE7EN_3,4,3,3,1,1,1,1,3,1,1,3,1,1,1,1,1,1,1,0.9,1.185
40,THE_PROFESSIONAL,5,5,5,2,3,1,1,2,1,1,1,2,2,1,1,1,1,1,1.195,1.071
40,SOMETHING_ABOUT_MARY,2,2,2,2,1,1,1,1,1,1,1,1,1,1,1,1,1,1,1.022,0.769
40,TRAINSPOTTING,3,5,3,2,1,1,1,1,5,1,4,1,1,1,1,1,1,1,1.022,0.769
41,A_FISH_CALLED_WANDA,4,2,0,5,1,1,1,1,1,1,3,2,3,1,1,4,3,1,3.149,0.729
41,AMERICAN_HISTORY_X,1,2,1,1,4,5,5,5,5,5,4,1,1,1,1,1,1,3,0.849,3.874
41,CHILDS_PLAY_II,1,1,1,1,4,3,5,5,5,5,5,1,1,1,1,1,1,1,0.851,3.732
41,COPYCAT,1,2,4,1,3,2,5,5,3,3,5,1,1,1,1,1,1,1,0.853,3.612
41,DEAD_POETS_SOCIETY_1,1,2,3,1,5,1,5,5,3,3,3,1,1,4,1,1,1,2,0.852,3.639
41,DEAD_POETS_SOCIETY_2,5,3,4,3,1,1,1,1,1,1,3,5,5,1,5,4,3,1,3.458,0.724
41,FOREST_GUMP,5,4,4,3,1,1,1,1,1,1,3,5,5,1,5,5,5,1,4.372,0.707
41,SE7EN_1,3,3,4,1,1,1,5,4,3,3,2,1,1,1,1,1,1,1,0.86,3.236
41,SE7EN_3,2,2,4,1,1,1,4,3,1,3,3,1,1,1,1,1,1,1,0.873,2.568
41,THE_PROFESSIONAL,5,3,5,1,2,1,4,4,1,1,2,5,5,4,5,1,1,1,1.584,2.812
41,SOMETHING_ABOUT_MARY,4,4,4,4,1,1,1,1,1,1,2,4,5,2,3,3,4,1,3.331,0.727
41,TRAINSPOTTING,1,4,3,1,5,2,4,5,5,5,4,1,1,1,1,1,1,5,0.86,3.249
42,A_FISH_CALLED_WANDA,4,3,3,2,2,2,2,4,4,3,4,1,1,4,1,3,2,4,1.975,1.952
42,AMERICAN_HISTORY_X,2,3,4,1,5,5,4,4,3,3,3,1,1,1,1,1,2,1,1.145,3.25
42,CHILDS_PLAY_II,1,2,1,1,1,1,5,4,1,1,4,1,1,1,1,1,1,2,0.86,3.236
42,COPYCAT,2,1,2,1,4,4,4,4,2,1,4,1,1,1,1,1,1,2,0.863,3.135
42,DEAD_POETS_SOCIETY_1,2,3,3,2,5,2,3,4,1,1,3,1,1,4,1,1,1,2,0.987,2.579
42,DEAD_POETS_SOCIETY_2,3,1,5,3,2,4,3,4,1,1,4,4,4,1,5,4,2,2,2.961,2.537
42,FOREST_GUMP,4,3,4,3,2,2,1,1,1,1,3,3,3,1,3,4,3,1,3.098,0.85
42,SE7EN_1,4,5,4,1,4,5,4,4,1,1,3,1,1,4,4,2,1,2,1.208,3.199
42,SE7EN_3,3,5,3,1,5,3,4,3,0,1,2,1,1,1,1,1,3,1,1.435,2.896
42,THE_PROFESSIONAL,5,5,5,3,4,1,2,4,1,1,3,5,5,1,5,5,4,1,4.064,1.941
42,SOMETHING_ABOUT_MARY,4,3,4,4,1,1,1,1,1,1,1,4,5,1,4,5,4,1,4.023,0.713
42,TRAINSPOTTING,1,5,2,1,2,3,3,3,5,5,3,1,1,2,1,1,3,4,1.447,2.288
45,A_FISH_CALLED_WANDA,2,3,1,1,3,3,1,1,5,1,3,1,1,1,1,1,1,4,0.904,1.011
45,AMERICAN_HISTORY_X,1,1,1,1,4,4,4,1,3,1,2,1,1,1,1,1,1,1,0.875,2.514
45,CHILDS_PLAY_II,2,2,1,1,3,3,4,4,1,1,4,1,1,1,1,1,1,1,0.865,3.015
45,COPYCAT,1,3,1,1,3,3,4,3,1,1,4,1,1,1,1,1,1,1,0.869,2.808
45,DEAD_POETS_SOCIETY_1,2,2,1,1,3,2,4,3,1,1,2,1,1,1,1,1,1,1,0.87,2.737
45,DEAD_POETS_SOCIETY_2,4,4,4,4,2,1,1,1,1,1,2,4,3,1,1,4,4,1,3.676,0.769
45,FOREST_GUMP,3,3,4,4,3,1,1,1,1,1,2,4,4,1,1,4,3,1,3.391,0.823
45,SE7EN_1,2,2,1,1,2,2,1,1,1,1,1,1,1,1,1,1,1,1,0.906,0.891
45,SE7EN_3,2,4,2,1,2,1,2,1,1,1,2,1,1,1,1,1,1,1,0.898,1.281
45,THE_PROFESSIONAL,2,2,1,1,2,2,3,4,1,1,2,1,1,1,1,1,1,1,0.876,2.434
45,SOMETHING_ABOUT_MARY,3,5,3,3,1,1,1,1,1,1,2,2,1,1,1,3,3,1,2.575,0.74
45,TRAINSPOTTING,1,3,1,1,1,2,1,2,4,1,3,1,1,1,1,1,1,1,0.903,1.049
46,A_FISH_CALLED_WANDA,4,3,4,4,1,1,1,1,1,1,2,2,2,2,1,3,4,5,2.973,0.733
46,AMERICAN_HISTORY_X,1,2,1,1,5,5,5,4,3,0,2,1,1,3,1,1,1,2,0.852,3.716
46,CHILDS_PLAY_II,1,3,1,1,3,3,5,5,5,2,4,1,1,2,1,1,1,2,0.852,3.683
46,COPYCAT,1,3,1,1,4,5,5,5,3,3,1,1,0,3,1,1,1,3,0.849,3.874
46,DEAD_POETS_SOCIETY_1,2,3,2,4,2,3,4,3,2,3,1,3,3,2,3,1,1,1,1.57,2.747
46,DEAD_POETS_SOCIETY_2,4,3,4,3,1,1,1,1,1,2,3,4,2,5,3,3,3,1,2.933,0.734
46,FOREST_GUMP,5,4,4,4,1,1,1,1,1,1,3,3,5,1,5,4,4,1,3.498,0.723
46,SE7EN_1,3,3,3,2,2,2,3,3,3,2,2,2,1,3,2,1,2,2,1.457,2.217
46,SE7EN_3,3,3,2,1,3,2,3,3,3,2,3,2,1,2,1,1,2,2,1.342,2.268
46,THE_PROFESSIONAL,3,4,3,2,3,3,4,4,3,2,1,3,3,2,4,2,2,2,1.967,2.995
46,SOMETHING_ABOUT_MARY,3,4,3,3,2,4,4,3,3,2,2,2,4,2,4,2,2,2,1.906,2.811
46,TRAINSPOTTING,2,4,2,2,2,2,3,4,3,2,4,2,2,2,2,2,2,2,1.799,2.417
54,A_FISH_CALLED_WANDA,3,3,3,3,3,4,3,3,2,3,3,3,2,0,4,3,3,3,2.723,2.384
54,AMERICAN_HISTORY_X,2,3,3,3,2,3,4,3,3,3,3,2,2,2,3,3,3,4,2.537,2.728
54,CHILDS_PLAY_II,3,3,2,2,3,3,3,3,3,3,3,3,3,3,3,4,3,3,2.956,2.308
54,COPYCAT,3,3,3,3,3,3,3,3,3,3,3,3,3,3,3,3,3,3,2.724,2.313
54,DEAD_POETS_SOCIETY_1,3,3,3,3,3,3,3,3,4,2,2,2,2,2,2,2,3,2,2.199,2.323
54,DEAD_POETS_SOCIETY_2,3,3,4,3,3,3,3,3,3,3,3,3,2,2,2,2,2,2,2.094,2.325
54,SE7EN_1,3,3,2,2,2,3,3,3,3,3,3,2,2,2,2,2,2,2,1.802,2.281
54,SE7EN_3,2,2,2,2,2,2,2,2,3,3,3,3,3,3,3,3,3,3,2.625,1.527
54,THE_PROFESSIONAL,4,3,3,4,2,3,2,3,3,3,3,3,3,3,3,3,3,3,2.848,1.801
54,SOMETHING_ABOUT_MARY,3,3,3,2,2,2,2,2,2,2,2,2,3,3,3,3,3,2,2.446,1.53
54,TRAINSPOTTING,4,4,3,4,2,2,2,2,2,2,2,3,3,2,2,3,3,2,2.853,1.523
55,A_FISH_CALLED_WANDA,4,3,3,3,1,3,1,1,1,1,3,3,3,1,1,1,1,3,1.492,0.903
55,AMERICAN_HISTORY_X,1,4,1,1,1,3,4,4,4,1,1,1,1,1,1,1,1,1,0.867,2.917
55,CHILDS_PLAY_II,1,1,1,1,1,1,5,4,1,1,1,1,1,1,1,1,1,1,0.86,3.236
55,COPYCAT,1,5,1,1,3,4,4,4,4,1,1,1,1,1,1,1,1,1,0.864,3.086
55,DEAD_POETS_SOCIETY_1,2,4,4,1,4,3,4,4,3,1,1,1,3,1,4,1,1,1,0.864,3.064
56,A_FISH_CALLED_WANDA,4,4,4,4,1,1,3,3,1,1,2,4,4,2,2,4,3,3,3.367,2.061
56,AMERICAN_HISTORY_X,1,3,1,1,3,3,4,4,4,3,2,1,1,2,1,1,1,2,0.865,3.015
56,CHILDS_PLAY_II,3,3,4,2,3,2,3,4,2,1,1,1,1,1,1,2,1,1,1.335,2.474
56,COPYCAT,1,4,1,1,3,3,4,4,4,2,2,1,1,2,1,1,1,2,0.865,3.015
56,DEAD_POETS_SOCIETY_1,1,4,2,1,5,3,4,5,4,2,3,1,1,3,1,1,1,3,0.859,3.32
56,DEAD_POETS_SOCIETY_2,5,4,4,3,1,1,2,2,1,1,2,5,5,2,5,4,3,1,3.445,1.392
56,FOREST_GUMP,5,4,3,3,2,1,2,2,1,1,1,5,5,1,4,4,4,1,3.728,1.436
56,SE7EN_1,2,4,3,1,4,3,4,4,3,2,1,1,1,2,1,1,1,2,0.864,3.064
56,SE7EN_3,1,4,2,1,4,3,5,5,4,2,2,1,1,3,1,1,1,3,0.851,3.732
56,THE_PROFESSIONAL,3,4,4,1,3,1,4,0,3,2,3,1,3,4,5,1,1,2,0.883,2.045
56,SOMETHING_ABOUT_MARY,4,4,4,4,1,1,1,3,4,2,2,3,3,2,1,3,4,4,3.144,1.144
58,A_FISH_CALLED_WANDA,3,3,3,3,1,1,1,3,2,1,1,3,1,1,1,1,1,1,1.486,1.175
58,AMERICAN_HISTORY_X,2,3,3,1,1,1,3,3,4,4,1,1,1,1,1,1,1,1,0.882,2.107
58,CHILDS_PLAY_II,3,2,3,1,1,1,1,1,3,3,1,1,1,1,1,1,1,1,0.908,0.771
58,COPYCAT,1,2,3,1,1,1,1,2,4,4,1,1,1,1,1,1,1,1,0.904,0.978
58,DEAD_POETS_SOCIETY_1,4,2,4,1,4,1,1,3,1,1,1,1,1,1,4,1,1,1,0.897,1.332
59,A_FISH_CALLED_WANDA,2,3,2,1,1,1,1,1,4,4,1,1,1,1,1,1,1,4,0.908,0.771
59,AMERICAN_HISTORY_X,2,1,2,1,2,2,2,4,3,2,2,1,1,1,1,1,1,1,0.885,1.973
59,CHILDS_PLAY_II,3,2,2,1,1,1,4,4,1,1,4,1,1,1,1,1,1,1,0.869,2.775
59,COPYCAT,1,2,2,1,1,2,2,2,1,1,2,1,1,1,1,1,1,1,0.894,1.51
59,DEAD_POETS_SOCIETY_1,2,1,3,1,2,1,3,4,1,1,2,1,1,1,2,1,1,1,0.877,2.363
59,DEAD_POETS_SOCIETY_2,4,2,3,2,2,1,1,1,1,1,1,3,3,1,4,3,3,1,2.639,0.788
59,FOREST_GUMP,3,3,2,3,1,1,1,1,1,1,1,2,3,1,2,1,3,1,1.883,0.754
59,SE7EN_1,3,2,3,1,1,1,2,4,1,2,2,1,1,1,1,1,1,1,0.887,1.853
59,SE7EN_3,3,1,2,1,2,2,3,3,1,1,1,1,1,1,1,1,1,1,0.88,2.227
59,THE_PROFESSIONAL,3,3,3,1,1,2,2,3,1,2,2,1,1,1,2,1,1,1,0.89,1.717
59,SOMETHING_ABOUT_MARY,3,4,3,3,1,1,1,1,1,1,1,2,3,1,1,2,2,1,1.945,0.752
59,TRAINSPOTTING,1,3,2,1,1,1,1,2,4,2,2,1,1,1,1,1,1,1,0.904,0.978
60,A_FISH_CALLED_WANDA,2,2,1,1,1,1,1,1,4,1,3,1,1,1,1,1,1,1,0.908,0.771
60,CHILDS_PLAY_II,4,3,3,1,1,1,2,2,1,1,1,1,1,1,2,1,1,1,0.895,1.439
60,COPYCAT,1,3,2,1,1,1,1,1,1,2,2,1,1,1,2,1,1,2,0.908,0.771
60,DEAD_POETS_SOCIETY_1,4,4,3,1,3,1,1,1,1,1,1,1,1,1,2,0,1,1,0.56,0.876
60,DEAD_POETS_SOCIETY_2,3,3,4,3,1,1,1,1,1,1,3,3,3,1,3,1,3,1,2.062,0.751
60,FOREST_GUMP,5,4,4,4,1,1,1,1,1,1,1,1,1,1,1,4,4,1,3.14,0.729
60,SE7EN_1,1,2,1,1,1,1,1,1,1,1,1,1,1,1,1,1,1,1,0.908,0.771
60,SE7EN_3,3,1,2,1,1,1,1,1,1,1,1,1,1,1,1,1,1,1,0.908,0.771
60,THE_PROFESSIONAL,4,3,4,1,2,1,1,4,1,1,1,1,1,1,1,1,1,1,0.895,1.441
60,SOMETHING_ABOUT_MARY,3,3,1,1,1,1,1,1,1,1,1,1,1,1,1,1,1,1,0.908,0.771
60,TRAINSPOTTING,4,1,1,1,1,1,1,1,1,1,1,1,1,1,1,1,1,1,0.908,0.771
61,A_FISH_CALLED_WANDA,3,4,2,3,1,1,1,1,3,2,2,2,1,1,1,1,2,3,1.599,0.759
61,AMERICAN_HISTORY_X,3,5,1,1,4,5,3,3,1,1,2,1,1,4,2,1,1,1,0.875,2.538
61,CHILDS_PLAY_II,4,3,4,1,1,1,5,4,1,1,3,1,1,1,1,1,1,1,0.86,3.236
61,COPYCAT,2,5,3,1,3,2,3,3,1,1,2,1,1,1,1,1,1,1,0.879,2.276
61,DEAD_POETS_SOCIETY_1,2,5,3,1,5,2,2,2,1,1,3,1,1,2,2,1,1,1,0.89,1.706
61,DEAD_POETS_SOCIETY_2,5,5,5,5,1,1,1,1,1,1,3,5,5,1,5,5,3,1,4.032,0.713
61,FOREST_GUMP,4,2,3,4,1,1,1,1,1,1,2,4,5,1,5,4,3,1,3.393,0.725
61,SE7EN_1,3,3,1,1,1,2,1,1,1,1,1,1,1,1,1,1,1,1,0.907,0.842
61,SE7EN_3,1,4,1,1,1,1,1,2,1,1,1,1,1,1,1,1,1,1,0.904,0.978
61,THE_PROFESSIONAL,5,4,5,1,5,2,3,4,1,1,2,1,5,2,5,2,1,1,1.219,2.574
61,SOMETHING_ABOUT_MARY,4,4,4,4,1,1,1,1,1,1,2,2,2,1,1,2,2,1,2.059,0.75
61,TRAINSPOTTING,4,5,3,1,1,1,1,2,3,1,5,1,1,1,1,1,2,1,1.188,0.973
62,A_FISH_CALLED_WANDA,1,2,1,2,2,1,2,1,1,1,1,1,2,1,2,1,1,1,1.012,1.279
62,AMERICAN_HISTORY_X,1,2,2,1,3,1,2,2,1,1,1,1,1,1,2,1,1,1,0.893,1.537
62,CHILDS_PLAY_II,2,1,3,1,4,2,3,3,1,1,4,1,1,1,3,1,1,1,0.878,2.325
62,COPYCAT,3,1,3,1,3,2,2,3,2,1,1,1,1,1,3,1,1,1,0.888,1.815
62,DEAD_POETS_SOCIETY_1,1,3,3,1,2,1,3,3,1,1,1,1,1,1,2,1,1,1,0.881,2.156
62,DEAD_POETS_SOCIETY_2,3,3,2,3,2,2,3,2,2,3,1,1,1,1,2,2,2,1,1.742,2.004
62,FOREST_GUMP,5,5,1,3,2,1,1,1,1,1,1,1,3,1,3,4,2,1,2.457,0.79
62,SE7EN_1,5,5,2,1,1,2,3,2,1,1,1,1,1,2,3,1,1,1,0.885,1.971
62,SE7EN_3,5,5,3,1,1,2,2,3,1,1,1,1,1,2,3,1,1,1,0.89,1.717
62,THE_PROFESSIONAL,5,5,5,2,1,2,1,4,1,1,1,2,1,1,3,1,1,1,1.188,1.458
62,SOMETHING_ABOUT_MARY,3,5,1,5,1,1,1,1,1,1,1,3,4,1,3,5,4,1,3.958,0.714
62,TRAINSPOTTING,1,1,1,1,5,5,1,5,5,2,1,1,1,1,1,1,1,5,0.884,2.079
63,A_FISH_CALLED_WANDA,2,1,1,1,1,1,1,2,1,1,3,1,1,1,1,1,1,3,0.904,0.978
63,AMERICAN_HISTORY_X,1,4,2,1,3,4,4,4,4,4,1,1,1,4,1,1,1,1,0.864,3.086
63,CHILDS_PLAY_II,1,2,1,1,1,1,2,3,2,1,1,1,1,1,1,1,1,1,0.891,1.646
63,COPYCAT,1,3,1,1,4,3,4,4,3,3,3,1,1,1,1,1,1,1,0.864,3.064
63,DEAD_POETS_SOCIETY_1,2,2,3,2,3,3,3,2,1,1,1,1,1,1,2,2,2,2,1.626,2.126
63,DEAD_POETS_SOCIETY_2,4,4,4,3,2,0,1,1,1,1,3,0,4,1,4,3,2,1,1.933,0.729
63,FOREST_GUMP,4,3,4,3,3,1,1,1,1,1,1,3,3,1,1,1,1,1,1.492,0.859
63,SE7EN_1,4,3,4,1,4,4,4,5,2,2,1,1,1,1,1,1,1,1,0.859,3.342
63,SE7EN_3,4,2,3,1,1,1,4,5,1,1,1,1,1,1,1,1,1,1,0.865,2.982
63,THE_PROFESSIONAL,2,4,3,1,5,4,5,4,3,3,1,1,1,1,1,1,1,1,0.853,3.645
63,SOMETHING_ABOUT_MARY,4,3,4,3,2,1,1,1,1,1,3,3,1,1,1,1,1,3,1.493,0.81
63,TRAINSPOTTING,1,4,1,1,1,3,1,1,1,1,1,1,1,1,1,1,1,1,0.906,0.913
64,A_FISH_CALLED_WANDA,3,3,1,2,1,2,1,1,2,1,1,1,1,1,1,1,1,1,1.021,0.84
64,AMERICAN_HISTORY_X,1,1,1,1,2,2,1,2,2,1,1,1,1,1,1,1,1,1,0.902,1.098
64,CHILDS_PLAY_II,1,1,2,1,1,1,1,1,1,1,1,1,1,1,1,1,1,1,0.908,0.771
64,COPYCAT,1,2,2,1,1,1,1,1,1,1,1,1,1,1,1,1,1,1,0.908,0.771
64,DEAD_POETS_SOCIETY_1,3,2,3,1,1,2,1,2,1,1,1,1,1,1,1,1,2,1,1.187,1.044
64,DEAD_POETS_SOCIETY_2,3,3,4,2,1,1,1,1,1,1,1,3,1,1,1,1,1,1,1.38,0.763
64,FOREST_GUMP,2,3,1,1,1,1,1,1,1,1,1,1,1,1,1,1,1,1,0.908,0.771
64,SE7EN_1,4,2,4,1,1,1,1,1,1,1,1,1,1,1,1,1,1,1,0.908,0.771
64,SE7EN_3,1,2,2,1,1,1,1,1,1,1,1,1,1,1,1,1,1,1,0.908,0.771
64,THE_PROFESSIONAL,1,1,1,1,1,1,1,1,1,1,1,1,1,1,1,1,1,1,0.908,0.771
64,SOMETHING_ABOUT_MARY,1,1,1,1,1,1,1,1,1,1,1,1,1,1,1,1,1,1,0.908,0.771
64,TRAINSPOTTING,1,1,1,1,1,1,1,1,1,1,1,1,1,1,1,1,1,1,0.908,0.771
65,A_FISH_CALLED_WANDA,3,4,3,4,1,1,1,1,1,1,4,2,4,4,1,2,2,5,2.059,0.75
65,AMERICAN_HISTORY_X,1,2,1,1,5,5,5,5,4,1,1,1,1,1,1,1,1,1,0.848,3.923
65,CHILDS_PLAY_II,2,4,1,1,4,5,5,5,4,1,1,1,1,1,1,1,1,1,0.849,3.874
65,COPYCAT,1,4,1,1,4,5,5,5,5,1,1,1,1,1,1,1,1,1,0.849,3.874
65,DEAD_POETS_SOCIETY_1,1,4,1,1,5,4,5,5,5,1,1,1,1,1,1,1,1,1,0.849,3.852
65,DEAD_POETS_SOCIETY_2,2,0,2,3,0,1,1,1,1,1,2,2,5,3,5,3,3,1,2.576,0.691
65,FOREST_GUMP,3,4,4,4,1,1,1,1,1,1,1,4,5,1,4,3,4,1,3.331,0.727
65,SE7EN_1,2,3,1,1,1,4,2,3,5,5,3,1,1,4,1,1,1,1,0.888,1.859
65,SE7EN_3,2,4,1,1,1,1,4,4,1,1,2,1,1,1,1,1,1,1,0.869,2.775
65,THE_PROFESSIONAL,3,4,1,1,5,5,5,5,4,1,1,1,5,1,4,1,1,1,0.848,3.923
65,SOMETHING_ABOUT_MARY,3,4,1,4,1,1,1,1,1,1,2,3,5,1,3,4,4,1,3.498,0.723
65,TRAINSPOTTING,1,4,1,1,1,1,1,1,5,1,1,1,1,1,1,1,3,1,1.476,0.761
66,A_FISH_CALLED_WANDA,2,1,2,3,1,2,2,2,3,2,2,2,3,1,1,2,2,5,1.931,1.491
66,AMERICAN_HISTORY_X,2,3,1,1,2,5,5,5,4,4,1,1,1,1,1,1,1,1,0.851,3.776
66,CHILDS_PLAY_II,3,3,2,1,1,2,4,5,3,2,1,1,1,1,1,1,1,1,0.864,3.053
66,COPYCAT,2,3,2,1,4,4,5,4,5,4,1,1,2,2,1,1,2,1,1.138,3.591
66,DEAD_POETS_SOCIETY_1,2,2,3,1,4,3,5,4,1,1,2,1,1,1,1,1,1,1,0.855,3.525
66,DEAD_POETS_SOCIETY_2,3,4,2,3,1,1,1,1,1,2,2,2,1,1,4,3,3,2,2.575,0.74
66,FOREST_GUMP,4,3,4,4,3,1,1,1,1,1,1,3,4,2,4,3,3,1,2.866,0.833
66,SE7EN_1,3,2,2,1,1,3,3,3,1,1,1,1,1,1,1,1,2,1,1.164,2.244
66,SE7EN_3,3,3,3,1,2,2,4,2,3,1,1,1,1,1,1,1,1,1,0.875,2.481
66,THE_PROFESSIONAL,4,3,3,1,2,2,3,3,1,1,2,2,4,2,5,1,2,1,1.343,2.219
66,SOMETHING_ABOUT_MARY,4,4,3,4,1,1,1,1,1,2,3,2,3,1,1,4,4,2,3.319,0.726
66,TRAINSPOTTING,3,4,2,3,2,1,3,2,5,2,3,1,1,1,1,1,1,4,1.113,1.945
67,A_FISH_CALLED_WANDA,4,3,4,3,1,1,1,1,1,1,3,3,3,3,1,1,1,1,1.494,0.761
67,AMERICAN_HISTORY_X,4,1,3,1,3,4,3,3,1,1,1,1,1,1,1,1,1,1,0.877,2.418
67,CHILDS_PLAY_II,4,3,4,3,1,1,4,4,1,1,3,1,1,1,1,1,1,1,1.097,2.771
67,COPYCAT,4,4,4,1,1,4,3,3,1,1,4,1,1,1,1,1,1,1,0.879,2.32
67,DEAD_POETS_SOCIETY_1,2,1,2,2,3,1,3,4,1,1,4,1,1,1,3,1,1,1,0.99,2.41
67,DEAD_POETS_SOCIETY_2,4,4,3,3,3,1,1,1,1,1,1,1,3,1,1,3,1,1,1.826,0.851
67,FOREST_GUMP,2,3,1,3,1,1,1,1,1,1,1,2,2,1,1,1,3,1,1.883,0.754
67,SE7EN_1,1,1,1,1,1,1,1,1,1,1,1,1,1,1,1,1,1,1,0.908,0.771
67,SE7EN_3,3,2,4,1,1,1,3,3,1,1,3,1,1,1,1,1,1,1,0.882,2.107
67,SOMETHING_ABOUT_MARY,4,2,3,3,1,1,1,1,1,1,1,1,1,1,1,1,3,1,1.704,0.757
67,TRAINSPOTTING,4,4,4,3,1,1,1,1,4,4,4,1,1,1,1,1,1,1,1.136,0.767
68,A_FISH_CALLED_WANDA,1,2,1,1,1,1,1,1,1,1,1,1,1,1,1,1,1,1,0.908,0.771
68,AMERICAN_HISTORY_X,2,4,1,1,1,1,1,2,2,1,2,1,1,1,1,1,1,1,0.904,0.978
68,DEAD_POETS_SOCIETY_1,1,3,1,1,1,1,1,1,1,1,1,1,1,1,1,1,1,1,0.908,0.771
69,A_FISH_CALLED_WANDA,2,5,2,1,1,1,1,1,3,2,3,1,1,1,1,1,1,2,0.908,0.771
69,AMERICAN_HISTORY_X,1,3,1,1,1,2,3,3,4,1,1,1,1,2,1,1,1,2,0.881,2.178
69,CHILDS_PLAY_II,1,5,2,1,2,2,5,3,3,1,1,1,1,1,1,1,1,1,0.862,3.149
69,COPYCAT,1,3,1,1,2,2,2,2,0,1,2,1,1,1,1,1,1,1,0.893,1.559
69,DEAD_POETS_SOCIETY_1,1,5,1,1,4,1,2,3,1,1,1,1,1,1,1,1,1,1,0.888,1.793
69,DEAD_POETS_SOCIETY_2,4,5,3,2,4,2,1,1,1,1,2,5,2,1,3,1,1,1,1.734,0.975
69,FOREST_GUMP,5,4,3,4,2,1,1,1,1,1,2,4,1,1,3,3,3,1,3.046,0.781
69,SE7EN_1,3,5,2,1,3,1,1,1,2,1,4,1,1,1,1,1,1,1,0.906,0.869
69,SE7EN_3,2,5,2,1,2,1,2,1,2,1,2,1,1,1,1,1,1,1,0.898,1.281
69,THE_PROFESSIONAL,4,5,3,1,3,1,2,3,1,1,1,1,1,1,1,1,1,1,0.889,1.744
69,SOMETHING_ABOUT_MARY,3,5,1,3,1,1,1,1,1,1,2,1,1,1,1,1,1,2,1.136,0.767
69,TRAINSPOTTING,2,5,1,2,1,1,1,2,2,2,3,1,1,1,1,1,1,1,1.018,0.976
71,A_FISH_CALLED_WANDA,1,3,1,1,1,1,1,1,5,1,1,1,1,3,1,1,1,4,0.908,0.771
71,AMERICAN_HISTORY_X,1,1,1,1,1,1,1,1,1,1,1,1,1,1,1,1,1,1,0.908,0.771
71,CHILDS_PLAY_II,2,3,2,1,1,1,3,1,1,1,1,1,1,1,2,1,1,1,0.89,1.693
71,COPYCAT,1,3,1,1,1,1,1,1,1,1,1,1,1,1,1,1,1,1,0.908,0.771
71,DEAD_POETS_SOCIETY_1,1,3,1,1,1,1,1,1,1,1,1,1,1,1,1,1,1,1,0.908,0.771
71,DEAD_POETS_SOCIETY_2,4,3,3,3,2,1,1,1,1,1,1,2,1,1,1,3,1,1,2.006,0.799
71,FOREST_GUMP,4,3,3,3,1,1,1,1,1,1,1,1,1,1,1,1,1,1,1.136,0.767
71,SE7EN_1,1,2,1,1,1,1,1,1,1,1,1,1,1,1,1,1,1,1,0.908,0.771
71,SE7EN_3,1,2,1,1,1,1,1,1,1,1,1,1,1,1,1,1,1,1,0.908,0.771
71,THE_PROFESSIONAL,1,3,1,1,1,1,1,1,1,1,1,1,1,1,1,1,1,1,0.908,0.771
71,SOMETHING_ABOUT_MARY,1,3,1,1,1,1,1,1,1,1,1,1,1,1,1,1,1,1,0.908,0.771
71,TRAINSPOTTING,1,3,1,1,1,1,1,1,3,1,1,1,1,1,1,1,1,1,0.908,0.771
73,A_FISH_CALLED_WANDA,1,3,1,3,1,1,1,1,1,1,2,1,1,1,1,1,1,2,1.136,0.767
73,AMERICAN_HISTORY_X,1,5,2,1,3,3,2,3,5,5,1,1,1,1,1,1,1,1,0.887,1.886
73,CHILDS_PLAY_II,1,3,3,1,1,1,2,1,1,1,1,1,1,1,1,1,1,1,0.899,1.232
73,COPYCAT,1,5,1,1,1,3,2,4,3,3,1,1,1,1,1,1,1,1,0.885,1.995
73,DEAD_POETS_SOCIETY_1,1,4,1,1,1,1,3,2,2,2,1,1,1,1,1,1,1,0,0.886,1.9
73,DEAD_POETS_SOCIETY_2,3,5,2,2,3,1,1,1,1,1,2,3,1,1,2,1,1,1,1.378,0.861
73,FOREST_GUMP,4,5,4,4,1,1,1,1,1,1,1,4,4,1,2,2,2,1,2.417,0.744
73,SE7EN_1,2,3,4,1,1,3,1,1,1,1,1,1,1,1,1,1,1,1,0.906,0.913
73,SE7EN_3,1,1,1,1,1,1,1,1,1,1,1,1,1,1,1,1,1,1,0.908,0.771
73,THE_PROFESSIONAL,3,3,4,1,4,1,1,2,1,1,1,1,1,1,1,1,1,1,0.901,1.125
73,SOMETHING_ABOUT_MARY,1,4,2,1,1,1,1,1,1,1,1,1,1,1,1,1,1,1,0.908,0.771
73,TRAINSPOTTING,1,4,1,1,1,2,1,1,5,5,1,1,1,1,1,1,1,1,0.907,0.842
74,A_FISH_CALLED_WANDA,3,2,1,1,1,1,1,1,1,1,1,1,1,1,1,1,1,1,0.908,0.771
74,AMERICAN_HISTORY_X,1,2,5,1,5,5,4,4,4,4,1,1,1,2,4,1,1,1,0.861,3.255
74,CHILDS_PLAY_II,4,2,4,3,1,1,1,4,1,1,0,1,1,1,1,1,1,1,1.124,1.388
74,COPYCAT,1,1,3,1,1,1,3,3,1,1,1,1,1,1,1,1,1,1,0.882,2.107
74,DEAD_POETS_SOCIETY_1,1,1,4,2,4,1,1,1,1,1,1,1,1,1,2,1,1,1,1.019,0.916
74,DEAD_POETS_SOCIETY_2,5,3,4,4,1,1,1,1,1,1,1,4,4,1,4,4,4,1,3.677,0.72
74,FOREST_GUMP,2,1,1,1,1,1,1,1,1,1,1,1,1,1,1,1,1,1,0.908,0.771
74,SE7EN_1,4,3,5,3,3,4,4,4,4,4,2,1,1,3,3,1,1,1,1.092,3.082
74,SE7EN_3,1,1,1,1,1,1,1,1,1,1,1,1,1,1,1,1,1,1,0.908,0.771
74,THE_PROFESSIONAL,1,2,1,1,1,1,1,1,1,1,1,1,1,1,1,1,1,1,0.908,0.771
74,SOMETHING_ABOUT_MARY,4,4,4,4,1,1,1,1,1,1,1,4,4,1,1,4,4,1,3.677,0.72
74,TRAINSPOTTING,1,1,1,1,1,1,1,1,5,5,1,1,1,1,1,1,1,1,0.908,0.771
75,A_FISH_CALLED_WANDA,1,2,2,2,2,2,2,2,2,2,2,2,2,2,2,2,2,2,1.816,1.542
75,AMERICAN_HISTORY_X,4,4,4,2,4,3,4,1,1,1,3,1,1,1,1,1,1,2,0.99,2.441
75,CHILDS_PLAY_II,4,2,3,4,1,2,4,2,1,3,4,3,3,1,1,3,3,1,2.836,2.396
75,COPYCAT,4,4,4,1,5,4,5,1,4,1,2,1,1,2,1,1,1,2,0.865,3.024
75,DEAD_POETS_SOCIETY_1,2,2,4,2,3,4,4,4,2,2,1,1,1,3,1,1,1,3,0.978,3.084
75,DEAD_POETS_SOCIETY_2,2,2,1,3,1,1,2,2,1,1,4,3,4,2,4,1,1,3,1.481,1.429
75,FOREST_GUMP,3,3,1,2,1,1,1,1,1,1,1,1,1,1,1,1,1,1,1.022,0.769
75,SE7EN_1,2,1,4,1,4,3,3,3,1,2,1,1,1,3,1,1,1,2,0.877,2.396
75,SE7EN_3,2,3,4,1,3,2,1,1,1,1,1,1,1,1,1,1,1,1,0.905,0.94
75,THE_PROFESSIONAL,3,5,4,1,4,3,5,2,1,1,1,1,1,1,5,1,1,1,0.863,3.111
75,SOMETHING_ABOUT_MARY,4,4,1,4,1,1,1,1,1,1,1,5,5,1,5,3,1,1,2.658,0.739
75,TRAINSPOTTING,4,4,1,1,1,1,1,1,1,1,1,1,1,1,1,1,1,1,0.908,0.771
76,A_FISH_CALLED_WANDA,3,4,3,3,1,1,1,1,3,3,2,2,2,1,1,2,2,5,1.945,0.752
76,AMERICAN_HISTORY_X,1,4,3,1,5,5,5,5,5,4,2,1,2,1,2,1,1,1,0.848,3.923
76,CHILDS_PLAY_II,4,5,4,3,1,3,4,4,1,2,4,1,1,1,1,1,1,2,1.095,2.913
76,COPYCAT,3,4,1,1,3,3,3,3,3,3,2,1,1,1,2,1,1,2,0.878,2.347
76,DEAD_POETS_SOCIETY_1,3,4,3,1,5,3,4,5,5,5,5,1,1,1,2,1,1,2,0.859,3.32
76,DEAD_POETS_SOCIETY_2,5,5,5,4,1,1,1,3,1,1,1,3,3,1,3,4,3,1,3.206,1.142
76,FOREST_GUMP,4,5,5,5,1,1,3,1,1,1,2,5,5,1,3,5,5,1,4.582,1.625
76,SE7EN_1,3,4,4,1,2,2,3,3,3,2,2,1,1,3,2,1,1,4,0.88,2.227
76,SE7EN_3,2,3,3,1,4,1,4,4,3,3,4,1,1,2,2,1,1,2,0.866,2.922
76,THE_PROFESSIONAL,1,4,3,1,5,5,5,5,5,4,3,1,1,3,2,1,1,3,0.848,3.923
76,SOMETHING_ABOUT_MARY,2,5,4,5,1,1,1,1,1,1,2,4,5,1,1,3,3,1,3.161,0.73
76,TRAINSPOTTING,1,4,3,1,1,3,2,5,5,3,1,1,1,2,2,1,1,5,0.881,2.202
77,A_FISH_CALLED_WANDA,1,1,1,1,1,5,5,5,5,5,5,1,1,1,1,1,1,1,0.852,3.727
77,AMERICAN_HISTORY_X,1,1,1,1,5,5,5,5,5,5,1,1,1,1,1,1,1,1,0.848,3.923
77,CHILDS_PLAY_II,1,1,1,1,1,1,5,5,5,5,1,1,1,1,1,1,1,1,0.856,3.443
77,COPYCAT,1,2,1,1,5,5,5,5,3,1,1,1,1,1,1,1,1,1,0.848,3.923
77,DEAD_POETS_SOCIETY_1,1,1,2,2,2,2,5,5,5,5,5,2,2,2,2,2,2,2,1.777,3.546
77,DEAD_POETS_SOCIETY_2,2,3,2,2,2,2,2,2,2,2,2,4,4,4,4,4,4,1,3.434,1.512
77,FOREST_GUMP,3,5,5,5,5,1,1,3,3,3,3,5,5,1,5,5,1,1,3.452,1.333
77,SE7EN_1,3,3,2,2,2,4,4,4,3,3,3,3,3,2,2,2,1,1,1.683,3.022
77,SE7EN_3,1,3,1,1,1,3,3,3,3,3,3,1,1,1,1,1,1,1,0.88,2.249
77,THE_PROFESSIONAL,1,4,1,1,5,1,5,5,5,5,1,5,5,1,5,5,1,1,2.952,3.599
77,SOMETHING_ABOUT_MARY,3,5,1,3,1,1,1,1,1,1,1,3,3,1,3,3,1,1,2.186,0.747
77,TRAINSPOTTING,5,5,1,1,1,1,1,1,1,1,1,1,1,1,1,1,1,1,0.908,0.771
78,A_FISH_CALLED_WANDA,2,2,4,4,2,2,2,2,2,2,4,3,3,2,3,3,4,4,3.137,1.518
78,AMERICAN_HISTORY_X,2,3,2,2,3,4,4,4,4,2,3,2,2,2,2,2,2,3,1.787,3.069
78,CHILDS_PLAY_II,3,3,4,2,2,2,4,4,3,2,4,2,2,2,2,2,2,2,1.79,2.878
78,COPYCAT,2,4,2,2,4,4,4,4,2,2,4,2,2,2,2,2,2,2,1.786,3.118
78,DEAD_POETS_SOCIETY_1,3,5,1,1,4,4,3,4,2,0,4,1,1,2,2,2,2,2,1.502,2.662
78,DEAD_POETS_SOCIETY_2,4,4,4,3,2,2,2,2,2,2,3,4,4,2,4,4,3,3,3.264,1.515
78,FOREST_GUMP,4,4,4,4,3,2,2,2,2,2,3,4,4,4,4,4,3,2,3.377,1.562
78,SE7EN_1,3,4,3,3,3,4,4,4,3,3,3,2,2,3,2,2,2,2,1.901,3.067
78,SE7EN_3,2,3,2,2,3,3,4,4,4,3,3,2,2,2,2,2,2,2,1.788,2.998
78,THE_PROFESSIONAL,4,4,3,3,4,2,2,4,2,2,3,4,4,2,4,4,2,2,2.97,2.032
78,SOMETHING_ABOUT_MARY,4,4,4,4,2,2,2,2,2,2,4,4,2,2,3,4,4,2,3.662,1.508
78,TRAINSPOTTING,2,3,2,2,2,2,2,2,4,3,4,2,2,3,2,2,3,3,2.1,1.537
80,A_FISH_CALLED_WANDA,4,1,4,3,1,1,1,1,1,1,1,1,1,1,1,1,2,1,1.42,0.762
80,AMERICAN_HISTORY_X,2,3,1,1,3,1,2,2,1,1,1,1,1,1,1,1,1,1,0.893,1.537
80,CHILDS_PLAY_II,2,2,1,1,1,1,3,4,2,1,1,1,1,1,1,1,1,1,0.878,2.314
80,COPYCAT,2,2,1,1,4,2,3,2,0,1,2,1,1,1,1,1,1,1,0.882,2.118
80,DEAD_POETS_SOCIETY_1,3,3,1,1,3,1,1,2,1,1,1,1,1,1,2,1,1,1,0.902,1.076
80,DEAD_POETS_SOCIETY_2,4,4,3,3,1,1,1,1,1,1,1,4,4,1,2,2,3,1,2.587,0.741
80,FOREST_GUMP,4,5,2,2,1,1,1,1,1,1,1,3,3,1,2,2,2,1,2.01,0.751
80,SE7EN_1,4,4,1,1,2,3,1,2,1,1,1,1,1,1,1,1,1,1,0.901,1.169
80,SE7EN_3,2,4,1,1,2,1,1,1,1,1,1,1,1,1,1,1,1,1,0.907,0.82
80,THE_PROFESSIONAL,4,3,1,1,2,1,1,2,1,1,1,3,4,1,3,1,1,1,1.261,1.021
80,SOMETHING_ABOUT_MARY,5,4,3,4,1,1,1,1,1,1,1,2,2,1,1,3,3,1,2.689,0.738
80,TRAINSPOTTING,2,5,1,1,1,1,1,1,4,4,1,1,1,1,1,1,1,1,0.908,0.771
81,A_FISH_CALLED_WANDA,1,2,2,1,1,1,1,1,2,1,1,1,1,1,1,1,1,1,0.908,0.771
81,AMERICAN_HISTORY_X,1,4,1,1,1,4,1,3,5,1,1,1,1,1,1,1,1,1,0.897,1.398
81,CHILDS_PLAY_II,1,3,2,1,1,1,3,3,1,1,1,1,1,1,1,1,1,1,0.882,2.107
81,COPYCAT,1,5,1,1,3,4,1,1,4,4,1,1,1,1,1,1,1,1,0.903,1.082
81,DEAD_POETS_SOCIETY_1,1,2,3,1,4,3,1,1,4,1,1,1,1,1,1,1,1,1,0.903,1.06
81,DEAD_POETS_SOCIETY_2,4,4,4,4,1,1,1,1,1,1,1,5,4,1,4,4,1,1,3.004,0.732
81,FOREST_GUMP,4,5,1,3,1,1,1,1,1,1,1,3,3,1,1,1,1,1,1.494,0.761
81,SE7EN_1,1,0,3,1,3,4,1,1,5,1,1,1,1,1,1,1,1,1,0.903,1.082
81,SE7EN_3,1,4,4,1,1,1,1,3,1,1,1,1,1,1,1,1,1,1,0.9,1.185
81,THE_PROFESSIONAL,1,5,3,1,4,1,1,3,1,1,1,1,1,1,1,1,1,1,0.897,1.332
81,SOMETHING_ABOUT_MARY,1,3,1,1,1,1,1,4,1,1,1,1,1,1,1,1,1,1,0.896,1.392
81,TRAINSPOTTING,1,5,1,1,1,4,1,1,5,1,1,1,1,1,1,1,1,1,0.905,0.984
82,A_FISH_CALLED_WANDA,1,3,4,1,2,4,2,1,4,2,1,2,3,4,2,2,1,4,1.42,1.484
82,CHILDS_PLAY_II,2,1,4,1,2,3,5,4,4,2,2,1,1,2,1,1,1,2,0.857,3.427
82,COPYCAT,2,5,4,1,4,3,4,5,3,2,3,1,1,3,1,1,1,2,0.86,3.271
82,DEAD_POETS_SOCIETY_1,2,2,4,1,4,2,3,5,2,1,1,1,1,3,2,1,1,2,0.87,2.739
82,DEAD_POETS_SOCIETY_2,5,4,4,5,2,1,1,1,1,1,3,5,5,2,4,4,4,1,3.969,0.764
82,FOREST_GUMP,5,4,4,4,2,2,3,3,1,1,3,5,4,2,4,5,5,1,4.458,2.161
82,SE7EN_1,2,1,3,1,4,5,4,4,5,5,4,1,1,4,2,1,1,3,0.862,3.206
82,SE7EN_3,1,1,4,1,2,2,3,4,5,3,2,1,1,2,1,1,1,2,0.876,2.434
82,THE_PROFESSIONAL,4,5,3,1,4,3,4,4,2,0,1,1,1,2,3,1,1,1,0.864,3.064
82,SOMETHING_ABOUT_MARY,2,1,3,5,1,1,1,1,2,2,3,3,3,1,1,2,2,2,2.352,0.745
82,TRAINSPOTTING,1,2,1,1,2,3,3,1,5,4,3,1,1,2,1,1,1,3,0.887,1.884
83,A_FISH_CALLED_WANDA,3,2,0,0,0,0,0,0,0,0,0,0,0,0,0,0,0,0,0,0
83,AMERICAN_HISTORY_X,1,4,3,3,4,3,4,4,3,4,3,3,4,3,4,4,3,3,3.056,3.023
83,CHILDS_PLAY_II,2,3,3,4,3,3,4,3,3,4,4,4,3,4,3,4,4,4,3.638,2.757
83,COPYCAT,3,2,2,3,3,4,4,4,3,3,4,4,3,3,4,3,4,3,3.173,3.044
83,DEAD_POETS_SOCIETY_1,2,2,4,5,5,4,0,4,5,5,4,0,3,3,3,3,3,2,2.435,1.311
84,A_FISH_CALLED_WANDA,1,4,0,0,0,0,0,0,0,0,0,0,0,0,0,0,0,4,0,0
84,AMERICAN_HISTORY_X,1,4,0,4,0,4,4,4,4,0,0,0,0,0,0,0,0,0,0.4,2.948
84,CHILDS_PLAY_II,1,4,0,4,4,4,4,4,0,0,0,0,0,0,0,0,0,0,0.396,3.144
84,COPYCAT,1,3,0,0,0,4,4,4,5,0,0,0,0,0,0,0,0,0,-0.056,2.956
84,DEAD_POETS_SOCIETY_1,1,5,0,4,0,0,0,4,0,4,0,0,0,0,0,0,0,0,0.44,0.82
84,DEAD_POETS_SOCIETY_2,5,5,4,0,0,0,0,0,0,0,0,0,4,0,4,4,4,0,2.52,-0.048
84,FOREST_GUMP,4,5,4,0,0,0,0,0,0,0,0,0,4,0,4,0,4,0,1.136,-0.02
84,SE7EN_1,2,4,0,0,0,3,3,3,0,3,0,0,0,0,0,0,0,0,-0.042,2.217
84,SE7EN_3,3,3,3,0,3,0,3,0,0,0,0,0,0,0,0,0,0,0,-0.03,1.53
84,THE_PROFESSIONAL,2,3,2,0,0,3,3,3,0,0,0,0,0,0,0,0,0,0,-0.042,2.217
84,SOMETHING_ABOUT_MARY,4,2,0,3,0,0,0,0,0,0,3,0,0,0,0,0,3,3,1.194,-0.021
84,TRAINSPOTTING,1,5,1,4,0,0,0,3,3,0,0,0,0,0,0,0,0,3,0.444,0.613
85,A_FISH_CALLED_WANDA,3,5,3,1,1,1,1,1,3,1,3,1,1,1,1,1,1,1,0.908,0.771
85,AMERICAN_HISTORY_X,1,3,3,1,1,1,1,1,1,1,1,1,1,1,1,1,1,1,0.908,0.771
85,CHILDS_PLAY_II,1,3,3,1,1,1,2,3,3,1,1,1,1,1,1,1,1,1,0.891,1.646
85,COPYCAT,1,3,3,1,1,1,1,3,3,1,2,1,1,1,1,1,1,1,0.9,1.185
85,DEAD_POETS_SOCIETY_1,3,2,3,1,4,1,1,3,1,1,1,1,1,1,1,1,1,1,0.897,1.332
85,DEAD_POETS_SOCIETY_2,5,5,4,4,3,1,1,1,1,1,1,5,4,1,5,4,3,1,3.57,0.82
85,FOREST_GUMP,3,3,4,4,1,1,1,1,1,1,1,4,4,1,2,3,4,1,3.331,0.727
85,SE7EN_1,3,3,4,1,3,3,1,1,1,1,1,1,1,1,1,1,1,1,0.904,1.011
85,SE7EN_3,1,3,3,1,1,1,1,1,1,1,1,1,1,1,1,1,1,1,0.908,0.771
85,THE_PROFESSIONAL,3,3,3,1,3,1,1,2,1,1,1,1,1,1,3,1,1,1,0.902,1.076
85,SOMETHING_ABOUT_MARY,3,3,3,2,1,1,1,1,2,1,1,1,1,1,1,1,1,1,1.022,0.769
85,TRAINSPOTTING,1,5,3,1,1,1,1,1,5,1,1,1,1,1,1,1,1,1,0.908,0.771
86,A_FISH_CALLED_WANDA,5,3,3,5,1,1,1,1,1,1,3,4,3,1,1,1,1,3,1.901,0.754
86,AMERICAN_HISTORY_X,2,5,5,1,3,3,1,4,4,4,1,1,1,1,3,1,1,1,0.892,1.632
86,CHILDS_PLAY_II,4,3,4,1,1,1,1,3,1,1,1,1,1,1,1,1,1,1,0.9,1.185
86,COPYCAT,4,4,5,1,1,1,4,5,3,1,3,1,1,1,1,1,1,1,0.865,2.982
86,DEAD_POETS_SOCIETY_1,4,5,4,1,3,2,4,1,1,1,1,1,1,1,4,1,1,3,0.878,2.323
89,A_FISH_CALLED_WANDA,1,1,1,1,2,2,1,1,2,0,2,1,1,2,2,1,1,1,0.906,0.891
89,AMERICAN_HISTORY_X,1,3,3,2,2,1,1,2,3,3,2,2,1,2,3,2,1,2,1.542,1.015
89,CHILDS_PLAY_II,1,3,1,1,3,3,1,1,1,1,1,1,1,1,1,1,1,1,0.904,1.011
89,COPYCAT,1,3,3,2,1,1,3,3,0,3,3,2,1,1,2,3,3,1,2.435,2.078
89,DEAD_POETS_SOCIETY_1,1,2,2,1,1,1,2,2,2,2,1,1,2,1,2,1,2,2,1.179,1.434
89,DEAD_POETS_SOCIETY_2,4,3,1,1,1,2,2,2,3,2,2,2,0,3,1,2,2,2,1.703,1.495
89,FOREST_GUMP,4,3,3,3,2,2,2,3,3,2,2,2,3,1,1,2,3,3,2.21,1.742
89,SE7EN_3,2,3,2,2,3,2,3,2,1,1,1,2,3,2,2,1,2,3,1.46,2.059
89,THE_PROFESSIONAL,2,3,3,3,2,2,1,1,1,2,2,3,2,2,2,1,2,2,1.776,0.876
89,SOMETHING_ABOUT_MARY,4,3,2,2,2,3,4,3,3,2,2,3,3,2,1,1,2,3,1.626,2.746
89,TRAINSPOTTING,1,1,3,0,2,1,1,2,2,2,3,2,2,1,1,2,3,2,1.882,1.009
90,A_FISH_CALLED_WANDA,1,4,0,0,0,0,0,0,0,0,0,0,0,0,0,0,0,4,0,0
90,AMERICAN_HISTORY_X,1,5,0,0,5,0,0,0,5,0,0,0,0,0,0,0,0,0,-0.005,0.245
90,CHILDS_PLAY_II,1,3,0,0,0,0,0,0,5,0,0,0,0,0,0,0,0,0,0,0
90,COPYCAT,1,5,1,1,1,1,1,1,1,1,1,1,1,1,1,1,1,1,0.908,0.771
90,DEAD_POETS_SOCIETY_1,2,5,0,0,5,0,0,0,0,0,0,0,0,5,0,0,0,0,-0.005,0.245
90,DEAD_POETS_SOCIETY_2,3,5,3,3,0,0,0,0,0,0,0,0,0,0,0,0,0,0,0.342,-0.006
90,FOREST_GUMP,4,5,4,0,0,0,0,0,0,0,0,0,0,0,0,0,4,0,1.136,-0.02
90,SE7EN_1,1,5,2,0,0,0,0,0,0,0,0,0,0,0,0,0,0,0,0,0
90,SE7EN_3,1,4,3,0,0,0,0,0,0,0,0,0,0,0,0,0,0,0,0,0
90,THE_PROFESSIONAL,3,5,4,0,0,0,0,4,0,0,0,0,0,0,0,0,0,0,-0.016,0.828
90,SOMETHING_ABOUT_MARY,4,2,0,4,0,0,0,0,0,0,0,0,3,0,0,0,0,0,0.456,-0.008
90,TRAINSPOTTING,1,3,0,0,0,0,0,0,5,0,0,0,0,0,0,0,0,0,0,0
91,A_FISH_CALLED_WANDA,2,2,2,2,3,2,3,3,3,2,2,2,2,2,3,2,2,2,1.802,2.259
91,AMERICAN_HISTORY_X,4,4,3,2,2,2,3,3,3,2,3,2,2,2,3,2,2,2,1.803,2.21
91,CHILDS_PLAY_II,2,2,2,2,2,3,3,3,3,2,3,2,2,2,2,2,2,2,1.802,2.281
91,COPYCAT,2,1,2,2,3,3,3,3,3,3,3,2,2,2,2,2,2,2,1.801,2.33
91,DEAD_POETS_SOCIETY_1,2,3,2,2,3,2,3,3,2,2,3,2,2,2,2,2,2,2,1.802,2.259
91,DEAD_POETS_SOCIETY_2,2,1,2,2,3,2,2,2,2,2,2,3,2,2,3,2,3,2,2.278,1.583
91,FOREST_GUMP,3,3,2,2,2,2,2,2,1,1,1,3,2,2,3,2,3,2,2.279,1.534
91,SE7EN_1,3,3,2,2,2,2,2,2,1,1,2,1,1,1,1,1,3,1,1.575,1.547
91,SE7EN_3,3,4,2,1,2,2,2,1,1,1,2,1,1,1,2,2,4,1,2.095,1.33
91,SOMETHING_ABOUT_MARY,3,4,4,4,2,1,1,1,1,1,3,3,4,2,3,4,3,1,3.213,0.777
91,TRAINSPOTTING,3,3,3,2,2,2,4,4,4,4,4,1,1,1,1,1,2,1,1.265,2.888
92,A_FISH_CALLED_WANDA,3,1,3,3,1,1,1,1,1,1,2,1,2,1,1,2,2,1,1.766,0.755
92,AMERICAN_HISTORY_X,1,2,3,2,4,4,2,3,2,3,2,1,1,1,1,1,1,1,0.999,2.004
92,COPYCAT,2,2,4,1,1,1,1,1,1,1,1,1,1,1,1,1,1,1,0.908,0.771
93,A_FISH_CALLED_WANDA,3,3,2,2,2,5,2,2,5,2,2,2,2,2,2,2,2,2,1.813,1.755
93,AMERICAN_HISTORY_X,1,1,1,1,1,1,1,1,5,1,1,1,1,1,1,1,1,1,0.908,0.771
93,DEAD_POETS_SOCIETY_1,3,5,3,2,2,2,3,3,3,0,0,0,0,0,0,0,0,0,0.185,2.24
95,A_FISH_CALLED_WANDA,4,3,4,4,0,0,0,0,0,0,3,3,0,0,0,0,0,0,0.993,-0.017
95,AMERICAN_HISTORY_X,1,3,1,0,3,1,3,3,1,1,1,1,1,1,1,1,1,1,0.766,2.207
95,CHILDS_PLAY_II,4,3,0,0,3,0,0,3,0,0,0,0,0,0,0,0,0,0,-0.015,0.768
95,COPYCAT,1,3,2,2,2,2,2,2,2,2,2,2,2,2,0,2,0,0,1.248,1.552
95,DEAD_POETS_SOCIETY_1,3,2,2,2,3,1,3,1,1,1,1,1,1,1,1,1,1,1,1.002,1.789
95,DEAD_POETS_SOCIETY_2,4,4,4,0,3,0,0,0,0,0,3,3,3,0,0,0,0,0,0.534,0.138
95,FOREST_GUMP,3,3,0,0,0,0,0,0,0,0,0,0,0,0,0,0,0,0,0,0
95,SE7EN_1,4,4,3,0,3,0,0,0,0,0,0,0,0,0,0,0,0,0,-0.003,0.147
95,SE7EN_3,4,3,0,0,0,0,0,0,0,0,0,0,0,0,0,0,0,0,0,0
95,THE_PROFESSIONAL,4,3,0,0,3,0,3,0,0,0,0,0,0,0,0,0,0,0,-0.03,1.53
95,SOMETHING_ABOUT_MARY,5,4,3,3,0,0,0,0,0,0,0,3,0,0,0,0,0,0,0.879,-0.015
95,TRAINSPOTTING,1,0,0,0,0,4,0,0,5,0,0,0,0,0,0,0,0,0,-0.004,0.284
96,A_FISH_CALLED_WANDA,4,2,1,4,1,1,1,1,1,1,1,1,1,1,1,1,1,1,1.25,0.765
96,AMERICAN_HISTORY_X,1,1,3,1,4,1,1,1,4,4,3,1,1,2,2,1,1,3,0.905,0.918
96,CHILDS_PLAY_II,1,1,3,1,1,1,1,2,1,1,1,1,1,1,1,1,1,1,0.904,0.978
96,COPYCAT,2,1,1,1,1,1,1,1,1,1,1,1,1,1,1,1,1,1,0.908,0.771
96,DEAD_POETS_SOCIETY_1,1,1,1,1,1,1,1,1,4,4,1,1,1,1,3,1,1,1,0.908,0.771
96,DEAD_POETS_SOCIETY_2,4,4,1,2,1,1,1,1,1,1,1,1,3,0,4,4,4,1,2.912,0.733
96,FOREST_GUMP,1,1,1,1,1,1,1,1,5,1,1,1,1,1,1,1,1,1,0.908,0.771
96,SE7EN_1,2,2,1,1,1,4,1,1,0,4,1,1,1,1,1,1,1,1,0.905,0.984
96,SE7EN_3,2,1,1,1,1,1,2,2,2,1,1,1,1,1,1,1,1,1,0.895,1.439
96,THE_PROFESSIONAL,1,1,1,1,1,1,1,1,1,1,1,1,1,1,1,1,1,1,0.908,0.771
96,SOMETHING_ABOUT_MARY,4,4,1,4,1,1,1,1,1,0,1,1,1,1,1,1,4,1,2.102,0.75
96,TRAINSPOTTING,1,4,1,1,1,1,1,1,5,4,1,1,1,1,1,1,1,1,0.908,0.771
97,A_FISH_CALLED_WANDA,4,2,3,2,2,3,2,3,3,3,1,3,1,4,3,1,2,2,1.644,1.824
97,AMERICAN_HISTORY_X,2,4,4,2,1,4,1,3,1,1,1,2,3,2,1,1,2,2,1.474,1.388
97,CHILDS_PLAY_II,4,3,3,2,1,1,1,1,1,1,2,3,3,1,1,3,2,1,2.356,0.744
97,COPYCAT,2,3,3,2,1,1,2,1,2,2,1,1,1,2,1,2,1,2,1.359,1.223
97,DEAD_POETS_SOCIETY_1,4,4,3,3,1,1,1,1,1,1,2,3,2,1,1,3,2,1,2.47,0.742
98,A_FISH_CALLED_WANDA,3,3,3,3,3,2,2,2,4,4,2,2,2,2,3,2,2,4,1.929,1.589
98,AMERICAN_HISTORY_X,3,3,2,2,3,3,3,3,3,3,3,3,3,3,3,3,3,3,2.61,2.315
98,CHILDS_PLAY_II,4,4,4,4,2,2,3,2,2,2,2,2,3,2,2,4,3,2,3.011,1.98
98,COPYCAT,4,4,4,4,2,2,3,3,2,2,3,2,2,2,2,2,2,2,2.031,2.206
98,DEAD_POETS_SOCIETY_1,2,2,2,2,2,2,2,2,2,2,2,2,2,2,2,2,2,2,1.816,1.542
98,DEAD_POETS_SOCIETY_2,4,3,4,3,3,3,3,2,2,2,2,2,2,2,4,3,3,2,2.549,2.109
98,FOREST_GUMP,4,3,4,4,3,2,2,2,2,2,2,2,4,2,2,2,4,2,2.611,1.577
98,SE7EN_1,4,3,4,3,3,3,3,3,3,3,3,3,3,3,3,3,4,3,3.008,2.308
98,SE7EN_3,3,3,2,2,2,2,3,3,3,3,3,2,2,2,2,1,1,2,1.173,2.222
98,THE_PROFESSIONAL,3,2,2,3,2,2,2,2,2,2,2,2,2,2,2,2,2,2,1.93,1.54
98,SOMETHING_ABOUT_MARY,4,4,5,2,2,2,2,2,2,2,2,2,4,2,2,4,4,2,3.076,1.518
98,TRAINSPOTTING,2,2,1,1,1,1,1,1,1,1,1,1,1,1,1,1,1,1,0.908,0.771
99,A_FISH_CALLED_WANDA,3,2,3,4,1,4,4,4,3,4,3,4,4,4,2,4,3,4,3.351,2.942
99,AMERICAN_HISTORY_X,1,3,4,1,5,5,5,5,4,4,1,1,1,3,3,1,1,1,0.848,3.923
99,CHILDS_PLAY_II,2,2,1,1,1,5,3,3,3,3,1,1,2,2,1,1,1,2,0.878,2.391
99,DEAD_POETS_SOCIETY_1,1,2,3,1,5,1,1,3,1,1,1,1,1,3,3,1,1,1,0.896,1.381
101,A_FISH_CALLED_WANDA,3,3,3,3,3,3,3,3,3,3,3,3,3,3,3,3,3,3,2.724,2.313
101,AMERICAN_HISTORY_X,2,2,2,2,2,2,2,2,2,2,2,2,2,2,2,2,2,2,1.816,1.542
101,CHILDS_PLAY_II,3,3,3,3,3,3,3,3,3,3,3,3,3,3,3,3,3,0,2.724,2.313
101,COPYCAT,3,3,3,3,3,3,3,3,3,3,3,3,3,3,3,3,3,3,2.724,2.313
101,DEAD_POETS_SOCIETY_1,4,4,4,4,4,4,4,4,4,4,4,4,4,4,4,4,4,4,3.632,3.084
101,DEAD_POETS_SOCIETY_2,3,3,3,3,3,3,3,3,3,3,3,3,3,3,3,3,3,3,2.724,2.313
128,DEAD_POETS_SOCIETY_1,1,3,2,1,2,2,1,1,1,1,1,1,1,1,1,1,1,1,0.906,0.891
128,DEAD_POETS_SOCIETY_2,2,3,2,1,1,1,1,1,1,1,1,3,1,1,1,3,1,1,1.958,0.751
128,FOREST_GUMP,4,4,1,4,1,1,1,1,1,1,1,4,1,1,2,3,1,1,2.479,0.742
128,SE7EN_1,2,4,3,1,1,1,1,1,2,3,1,1,1,1,1,1,1,1,0.908,0.771
128,SE7EN_3,1,2,1,1,1,1,1,1,1,1,1,1,1,1,1,1,1,1,0.908,0.771
128,THE_PROFESSIONAL,4,3,3,1,1,1,1,1,1,1,1,1,1,1,1,1,1,1,0.908,0.771
128,SOMETHING_ABOUT_MARY,4,3,2,3,1,1,1,1,1,1,1,1,1,1,1,1,1,1,1.136,0.767
128,TRAINSPOTTING,1,3,1,1,1,2,1,1,5,1,1,1,1,1,1,1,1,1,0.907,0.842
129,A_FISH_CALLED_WANDA,1,4,2,1,1,3,1,1,2,1,1,1,1,1,1,1,1,1,0.906,0.913
129,CHILDS_PLAY_II,2,3,3,2,1,1,2,1,1,1,2,1,1,1,2,2,1,1,1.359,1.223
129,COPYCAT,2,2,1,1,1,1,1,2,1,1,1,1,1,1,1,1,2,1,1.188,0.973
129,DEAD_POETS_SOCIETY_1,3,2,3,1,1,1,2,2,1,1,2,1,1,1,1,1,1,1,0.895,1.439
131,A_FISH_CALLED_WANDA,4,3,3,3,3,3,3,3,3,4,2,0,4,4,3,2,4,3,2.125,2.324
131,AMERICAN_HISTORY_X,5,5,5,3,3,5,3,2,3,4,3,4,4,5,5,5,5,5,4.165,2.221
131,CHILDS_PLAY_II,4,3,3,3,3,4,4,3,2,3,3,3,4,4,5,3,3,2,2.714,2.845
131,COPYCAT,3,4,3,3,4,3,4,3,3,4,5,5,5,4,3,3,4,4,3.356,2.812
131,DEAD_POETS_SOCIETY_1,4,3,3,3,4,2,4,4,3,3,3,4,3,3,4,3,3,3,2.89,2.956
131,DEAD_POETS_SOCIETY_2,4,4,4,3,4,2,2,4,5,5,4,3,4,4,4,4,3,2,3.075,2.03
131,FOREST_GUMP,4,4,2,4,4,4,5,3,2,4,4,4,5,5,4,3,2,1,2.713,3.355
131,SE7EN_1,4,4,3,4,3,4,2,4,5,3,3,3,4,5,4,2,3,4,2.496,2.135
131,SE7EN_3,4,3,4,4,3,2,4,4,4,5,4,3,4,5,4,3,4,4,3.11,2.903
131,THE_PROFESSIONAL,4,3,4,3,5,4,3,2,3,3,4,4,5,4,4,5,3,2,3.596,2.258
131,SOMETHING_ABOUT_MARY,3,4,3,4,3,3,3,2,3,3,4,3,3,4,4,4,3,4,3.188,2.097
131,TRAINSPOTTING,4,3,3,3,4,3,5,5,4,3,3,4,3,4,4,4,5,5,3.79,3.678
132,A_FISH_CALLED_WANDA,3,3,3,2,1,1,1,1,1,1,1,1,3,1,2,1,0,1,0.738,0.774
132,AMERICAN_HISTORY_X,3,3,4,3,3,1,1,1,1,1,3,3,3,1,3,3,3,1,2.752,0.835
132,CHILDS_PLAY_II,2,3,3,3,1,1,4,1,2,2,3,4,2,4,2,3,2,3,2.622,2.122
132,COPYCAT,3,3,3,1,3,3,1,1,3,3,5,2,2,4,2,4,4,3,2.973,0.972
132,DEAD_POETS_SOCIETY_1,3,2,2,2,4,3,3,1,3,3,3,4,3,3,2,5,1,5,2.92,1.943
132,DEAD_POETS_SOCIETY_2,4,2,3,3,4,5,2,4,4,2,4,2,4,4,2,4,2,4,2.609,2.251
132,FOREST_GUMP,4,4,5,5,2,2,4,2,4,4,4,2,3,4,4,3,3,4,2.77,2.446
132,SE7EN_1,4,4,3,4,5,5,3,4,4,3,2,4,3,4,4,3,2,4,2.725,2.76
132,SE7EN_3,5,5,2,3,4,2,5,3,2,2,3,4,5,3,2,3,4,5,3.169,3.205
132,THE_PROFESSIONAL,1,4,3,3,3,2,3,3,3,3,3,3,3,3,1,1,1,1,1.465,2.266
132,SOMETHING_ABOUT_MARY,5,2,4,4,3,2,1,3,2,5,3,2,2,1,2,3,4,5,2.962,1.316
132,TRAINSPOTTING,5,5,2,4,4,2,4,4,2,4,2,4,2,4,2,2,4,2,2.942,2.956
134,A_FISH_CALLED_WANDA,1,2,2,2,1,1,1,1,1,1,1,1,1,1,1,1,1,1,1.022,0.769
134,AMERICAN_HISTORY_X,1,2,2,1,2,5,1,2,5,2,1,1,1,1,2,1,1,1,0.899,1.311
134,CHILDS_PLAY_II,1,2,1,1,1,1,1,1,1,1,1,1,1,1,1,1,1,1,0.908,0.771
134,COPYCAT,2,3,2,1,2,1,1,2,2,3,2,1,1,1,2,1,2,1,1.187,1.022
134,DEAD_POETS_SOCIETY_1,1,3,1,1,1,1,1,1,2,1,2,1,1,2,2,1,1,1,0.908,0.771
134,DEAD_POETS_SOCIETY_2,4,1,3,2,2,2,1,3,2,2,2,3,3,1,1,3,3,1,2.63,1.273
134,FOREST_GUMP,4,4,4,4,3,2,1,2,2,1,2,3,3,2,3,3,3,1,2.861,1.111
134,SE7EN_1,5,3,5,2,2,3,2,3,2,2,2,1,1,2,2,1,1,1,1.002,1.835
134,SE7EN_3,2,2,4,2,1,1,2,2,1,1,1,1,1,1,2,1,1,1,1.009,1.437
134,THE_PROFESSIONAL,3,3,3,1,2,2,2,2,4,3,2,1,1,2,2,1,1,1,0.893,1.559
134,SOMETHING_ABOUT_MARY,4,3,3,3,2,1,1,1,1,1,1,1,1,1,1,1,1,1,1.135,0.816
134,TRAINSPOTTING,1,1,2,1,1,1,1,1,3,1,1,1,1,1,1,1,1,1,0.908,0.771
135,AMERICAN_HISTORY_X,5,4,4,3,2,4,5,1,2,3,5,5,4,3,0,4,0,5,2.566,2.845
135,CHILDS_PLAY_II,2,3,2,3,4,3,2,3,2,4,4,3,4,5,5,2,4,2,2.67,1.903
135,COPYCAT,5,4,3,4,2,1,3,3,5,4,3,3,2,4,3,1,1,4,1.581,2.144
135,DEAD_POETS_SOCIETY_1,2,4,4,3,1,2,3,2,5,4,3,2,4,5,3,4,2,5,2.614,1.938
135,FOREST_GUMP,4,3,0,4,1,5,5,1,2,5,2,2,1,5,2,5,2,2,3.057,2.857
135,THE_PROFESSIONAL,4,3,2,3,1,3,1,3,3,5,3,1,2,5,3,2,3,3,2.04,1.306
135,SOMETHING_ABOUT_MARY,3,4,3,4,3,4,3,4,3,2,3,1,3,4,3,4,2,1,2.537,2.593
135,TRAINSPOTTING,4,5,3,4,2,3,2,4,5,4,3,2,4,3,2,4,3,5,3.011,2.004
136,A_FISH_CALLED_WANDA,2,3,1,3,1,1,1,1,3,1,3,1,1,1,1,1,1,5,1.136,0.767
136,AMERICAN_HISTORY_X,1,3,3,1,5,5,5,5,4,4,3,1,1,3,1,1,1,3,0.848,3.923
136,CHILDS_PLAY_II,1,1,3,1,1,1,5,5,5,5,0,1,1,1,1,1,1,1,0.856,3.443
136,COPYCAT,1,2,3,1,4,4,5,5,4,4,2,1,1,3,1,1,1,3,0.85,3.803
136,DEAD_POETS_SOCIETY_1,1,3,5,1,4,1,5,5,1,1,3,1,1,2,3,1,1,1,0.853,3.59
136,DEAD_POETS_SOCIETY_2,5,4,5,3,1,1,1,1,1,1,5,4,5,1,5,5,3,1,3.625,0.72
136,FOREST_GUMP,4,4,1,3,1,1,1,1,1,1,1,5,5,1,5,5,5,1,4.372,0.707
136,SE7EN_1,1,1,4,1,5,4,4,5,4,5,4,1,1,3,3,1,1,2,0.858,3.391
136,SE7EN_3,1,2,3,1,2,1,5,5,5,3,2,1,1,1,1,1,1,4,0.855,3.492
136,THE_PROFESSIONAL,4,2,5,1,4,3,4,5,2,2,4,1,1,1,5,1,1,1,0.86,3.271
136,SOMETHING_ABOUT_MARY,1,2,1,1,1,1,1,1,1,1,1,1,1,1,1,1,1,1,0.908,0.771
136,TRAINSPOTTING,1,2,1,1,1,1,4,4,5,1,3,1,1,1,1,1,1,3,0.869,2.775
137,A_FISH_CALLED_WANDA,3,4,3,4,1,1,1,1,1,1,1,3,3,1,1,1,1,1,1.608,0.759
137,CHILDS_PLAY_II,5,5,5,1,3,3,5,5,1,1,1,1,1,1,1,1,1,1,0.852,3.683
137,COPYCAT,3,3,5,1,4,4,4,4,1,1,1,1,1,1,1,1,1,0,0.863,3.135
137,DEAD_POETS_SOCIETY_1,3,4,5,1,4,1,4,3,1,1,1,1,1,1,5,3,0,1,1.278,2.706
137,DEAD_POETS_SOCIETY_2,3,4,3,3,1,1,1,4,1,1,4,4,4,1,4,1,1,1,1.661,1.379
137,FOREST_GUMP,3,3,0,0,0,0,0,0,0,0,0,0,0,0,0,0,0,0,0,0
137,SE7EN_1,4,5,4,2,5,5,5,5,5,5,5,1,2,2,2,1,1,1,0.962,3.921
137,SE7EN_3,4,5,4,1,1,2,4,4,1,1,1,1,1,1,2,1,1,1,0.868,2.846
137,THE_PROFESSIONAL,5,3,5,1,3,4,3,3,1,1,1,1,4,1,4,1,2,1,1.161,2.413
137,SOMETHING_ABOUT_MARY,5,5,3,5,1,1,1,1,1,1,4,1,4,1,1,1,3,4,1.932,0.753
137,TRAINSPOTTING,1,5,1,3,1,1,1,3,5,5,5,1,1,1,1,1,1,1,1.128,1.181
138,A_FISH_CALLED_WANDA,1,1,1,1,1,2,1,3,1,1,1,1,1,1,1,1,1,3,0.899,1.256
138,AMERICAN_HISTORY_X,2,1,3,2,3,1,1,2,2,1,3,1,1,1,3,1,1,1,1.016,1.074
138,CHILDS_PLAY_II,4,2,4,4,1,1,1,1,1,1,1,1,1,1,1,4,4,1,3.14,0.729
138,COPYCAT,4,4,4,3,1,1,1,1,1,1,1,1,1,1,1,1,3,1,1.704,0.757
138,DEAD_POETS_SOCIETY_1,1,4,3,4,1,1,1,1,1,1,1,1,1,1,1,1,3,1,1.818,0.755
138,DEAD_POETS_SOCIETY_2,1,1,3,2,1,1,1,1,1,1,1,1,1,1,1,1,3,1,1.59,0.759
138,FOREST_GUMP,3,3,3,2,1,1,1,1,1,1,1,1,1,1,1,2,3,1,1.936,0.752
138,SE7EN_1,5,3,5,3,1,1,1,3,1,1,2,1,1,1,1,2,2,1,1.758,1.169
138,SE7EN_3,3,2,3,2,1,1,1,1,1,1,1,1,1,1,1,2,3,1,1.936,0.752
138,THE_PROFESSIONAL,2,2,2,5,1,2,1,1,1,1,1,1,1,1,1,1,3,2,1.931,0.824
138,SOMETHING_ABOUT_MARY,3,3,3,3,1,1,1,1,1,1,1,1,1,1,1,3,3,1,2.396,0.743
138,TRAINSPOTTING,1,2,1,1,1,5,1,1,5,5,1,1,1,1,1,1,1,4,0.904,1.055
139,A_FISH_CALLED_WANDA,3,4,2,3,2,1,1,1,2,1,2,2,1,2,1,1,1,1,1.314,0.813
139,AMERICAN_HISTORY_X,1,1,2,1,4,5,4,5,5,5,2,1,1,1,1,1,1,1,0.858,3.413
139,CHILDS_PLAY_II,3,1,3,1,1,1,3,5,1,1,3,1,1,1,1,1,1,1,0.874,2.521
139,COPYCAT,1,1,1,1,2,3,1,2,4,3,3,1,1,1,1,1,1,1,0.901,1.169
139,DEAD_POETS_SOCIETY_1,3,1,1,1,1,1,1,1,1,1,1,1,1,1,1,1,1,1,0.908,0.771
139,DEAD_POETS_SOCIETY_2,3,1,4,2,1,1,3,3,1,1,2,4,2,1,3,4,3,1,3.139,2.065
139,FOREST_GUMP,4,3,4,3,4,1,1,2,3,1,1,2,1,1,3,1,1,2,1.308,1.118
139,SE7EN_1,3,3,4,1,3,4,3,3,4,1,3,1,1,1,1,1,1,1,0.877,2.418
139,SE7EN_3,3,5,3,1,1,1,1,1,1,1,1,1,1,1,1,1,1,1,0.908,0.771
139,THE_PROFESSIONAL,1,1,1,1,1,1,1,1,1,1,1,1,1,1,1,1,1,1,0.908,0.771
139,SOMETHING_ABOUT_MARY,2,2,2,2,1,1,1,1,1,1,1,3,3,1,2,2,3,1,2.294,0.746
139,TRAINSPOTTING,3,4,3,1,2,1,1,1,4,1,3,1,2,1,2,1,1,1,0.907,0.82
140,A_FISH_CALLED_WANDA,1,2,1,2,1,1,1,1,1,1,1,1,1,1,1,1,1,1,1.022,0.769
140,CHILDS_PLAY_II,2,2,2,2,1,1,1,1,1,1,1,1,1,1,1,1,1,1,1.022,0.769
140,COPYCAT,1,2,1,1,1,1,1,1,1,1,1,1,1,1,1,1,1,1,0.908,0.771
140,SOMETHING_ABOUT_MARY,2,3,1,1,1,1,1,1,1,1,1,1,1,1,1,1,1,1,0.908,0.771
140,TRAINSPOTTING,1,2,1,1,1,1,1,1,4,1,1,1,1,1,1,1,1,1,0.908,0.771
141,A_FISH_CALLED_WANDA,4,3,4,4,1,1,1,1,1,1,1,2,1,1,1,1,1,1,1.429,0.762
141,AMERICAN_HISTORY_X,2,4,4,1,4,4,4,4,4,1,1,1,1,1,1,1,1,1,0.863,3.135
141,CHILDS_PLAY_II,4,2,4,1,1,1,4,4,1,1,2,1,1,1,1,1,1,1,0.869,2.775
141,COPYCAT,4,4,5,1,2,2,3,4,2,1,2,1,1,2,1,1,1,1,0.876,2.434
141,DEAD_POETS_SOCIETY_1,2,4,3,1,4,2,2,2,1,1,1,1,1,2,1,1,1,1,0.891,1.657
141,DEAD_POETS_SOCIETY_2,4,3,4,3,1,1,1,1,1,1,2,3,3,1,2,2,2,1,2.124,0.749
141,FOREST_GUMP,4,3,4,3,2,1,1,1,1,1,2,2,2,1,2,1,2,1,1.598,0.808
141,SE7EN_1,4,4,5,2,4,3,2,2,1,1,1,1,1,1,1,1,1,1,1.004,1.726
141,SE7EN_3,3,4,4,1,1,1,2,2,1,1,2,1,1,1,1,1,1,1,0.895,1.439
141,THE_PROFESSIONAL,2,3,3,2,4,3,4,4,1,1,2,1,3,1,2,1,1,1,0.978,3.062
141,SOMETHING_ABOUT_MARY,3,2,2,2,1,1,1,1,1,1,1,1,1,1,1,1,3,1,1.59,0.759
141,TRAINSPOTTING,2,2,2,1,1,1,1,1,5,1,1,1,1,1,1,1,1,1,0.908,0.771
142,A_FISH_CALLED_WANDA,2,1,1,1,1,1,1,1,1,1,1,1,1,1,1,2,1,1,1.254,0.764
142,AMERICAN_HISTORY_X,4,3,4,4,2,2,2,2,1,1,2,2,2,2,2,3,3,3,2.674,1.526
142,CHILDS_PLAY_II,3,2,1,2,1,1,1,2,2,2,2,1,1,1,1,2,4,1,2.216,0.954
142,COPYCAT,2,3,3,3,2,1,1,2,2,1,3,2,2,1,1,2,3,2,2.224,1.003
142,DEAD_POETS_SOCIETY_1,1,1,1,1,1,1,1,1,1,1,1,1,1,1,1,1,1,1,0.908,0.771
142,DEAD_POETS_SOCIETY_2,4,4,4,4,2,1,2,2,1,1,3,3,4,2,5,5,5,1,4.114,1.428
142,FOREST_GUMP,3,2,3,2,2,2,2,1,1,1,2,4,4,1,3,3,3,1,2.808,1.317
142,SE7EN_1,5,3,4,2,2,2,2,2,2,2,3,0,1,1,2,3,4,1,2.372,1.531
142,SE7EN_3,3,3,3,1,1,1,1,1,1,1,1,1,1,1,1,1,1,1,0.908,0.771
142,THE_PROFESSIONAL,5,3,5,2,2,3,2,4,3,3,4,3,1,1,4,4,3,1,2.962,2.005
142,SOMETHING_ABOUT_MARY,4,5,4,4,1,1,1,1,1,1,1,1,1,2,2,3,3,1,2.51,0.741
142,TRAINSPOTTING,2,5,2,3,1,1,2,4,4,3,4,1,1,4,0,1,3,1,1.683,1.839
143,A_FISH_CALLED_WANDA,3,3,4,4,2,2,1,3,4,3,4,2,3,3,1,2,2,3,2.049,1.284
143,AMERICAN_HISTORY_X,4,4,4,1,5,4,5,5,5,5,4,1,1,2,0,1,1,5,0.849,3.852
143,CHILDS_PLAY_II,4,3,4,1,5,4,4,4,4,4,4,1,1,1,1,2,1,4,1.208,3.177
143,COPYCAT,2,2,3,1,4,4,4,4,4,5,3,1,1,1,2,1,1,5,0.863,3.135
143,DEAD_POETS_SOCIETY_1,3,1,4,1,2,1,2,3,2,2,2,2,2,1,2,1,1,1,1.069,1.692
143,DEAD_POETS_SOCIETY_2,4,4,4,4,2,1,1,2,1,1,4,5,5,1,4,4,4,1,3.851,0.973
143,FOREST_GUMP,5,4,4,4,2,1,1,1,1,1,2,4,5,1,4,4,4,1,3.676,0.769
143,SE7EN_1,3,3,3,2,3,3,3,3,3,3,3,1,1,1,1,1,1,3,0.992,2.345
143,SE7EN_3,4,3,4,1,2,2,3,3,3,3,3,1,1,1,1,1,1,2,0.88,2.227
143,THE_PROFESSIONAL,4,3,4,1,2,3,2,3,1,2,2,3,3,2,3,3,2,1,2.222,1.812
143,SOMETHING_ABOUT_MARY,5,3,4,4,1,1,1,1,1,1,1,1,4,2,2,4,4,2,3.14,0.729
143,TRAINSPOTTING,1,1,2,1,1,4,2,2,5,5,5,1,1,5,1,1,1,5,0.892,1.652
144,A_FISH_CALLED_WANDA,1,2,1,1,1,1,1,1,3,3,2,1,1,1,1,1,1,2,0.908,0.771
144,AMERICAN_HISTORY_X,2,3,4,1,4,3,2,1,2,2,1,1,1,1,2,1,1,1,0.894,1.521
144,CHILDS_PLAY_II,1,2,1,1,1,1,2,1,1,2,1,1,1,1,1,1,1,1,0.899,1.232
144,COPYCAT,2,2,4,1,3,3,1,1,1,1,3,1,1,1,2,1,1,1,0.904,1.011
144,DEAD_POETS_SOCIETY_1,1,2,1,1,1,1,1,1,2,1,1,1,1,1,1,1,1,1,0.908,0.771
144,DEAD_POETS_SOCIETY_2,4,4,4,4,2,1,1,1,1,1,1,3,3,1,3,4,3,1,3.213,0.777
144,FOREST_GUMP,5,4,5,5,2,1,1,1,1,1,2,4,4,1,4,3,3,1,3.16,0.779
144,SE7EN_1,5,4,5,0,3,4,1,1,0,2,2,1,1,3,3,1,1,1,0.789,1.084
144,SE7EN_3,2,3,4,1,1,1,1,1,2,1,1,1,1,1,1,1,1,1,0.908,0.771
144,THE_PROFESSIONAL,3,4,5,1,2,1,1,1,1,1,1,3,4,1,2,1,1,1,1.265,0.814
144,SOMETHING_ABOUT_MARY,2,4,3,1,4,3,3,1,2,2,2,1,1,1,1,1,1,1,0.885,1.982
144,TRAINSPOTTING,1,2,1,1,1,1,1,1,5,2,1,1,1,1,1,1,1,1,0.908,0.771
145,A_FISH_CALLED_WANDA,1,3,1,2,1,1,1,1,3,1,1,1,1,1,1,1,1,3,1.022,0.769
145,AMERICAN_HISTORY_X,1,3,4,1,4,4,3,4,5,1,1,1,1,1,1,1,1,1,0.872,2.674
145,CHILDS_PLAY_II,3,3,3,1,1,1,3,4,1,1,2,1,1,1,1,1,1,1,0.878,2.314
145,COPYCAT,3,4,4,1,3,1,3,3,2,1,1,1,1,1,1,1,1,1,0.88,2.205
145,DEAD_POETS_SOCIETY_1,1,1,1,1,1,1,1,1,1,1,1,1,1,1,1,1,1,1,0.908,0.771
145,DEAD_POETS_SOCIETY_2,4,2,3,1,2,3,2,1,1,1,1,1,1,1,1,4,2,2,2.218,1.397
145,FOREST_GUMP,5,5,4,5,1,1,1,1,1,1,1,5,5,1,5,4,5,1,4.254,0.71
145,SE7EN_1,4,2,4,1,1,1,2,4,1,1,1,1,1,1,1,1,1,1,0.887,1.853
145,SE7EN_3,1,1,4,1,1,1,3,3,1,1,2,1,1,1,1,1,1,1,0.882,2.107
145,THE_PROFESSIONAL,4,3,3,1,2,1,2,2,1,1,1,1,2,1,2,1,1,1,0.894,1.488
145,SOMETHING_ABOUT_MARY,2,1,2,1,1,1,1,1,1,1,1,1,1,1,1,1,1,1,0.908,0.771
145,TRAINSPOTTING,1,5,1,1,1,1,1,1,5,1,3,1,1,1,1,1,1,1,0.908,0.771
146,A_FISH_CALLED_WANDA,1,2,1,2,1,1,1,3,1,1,2,3,2,2,2,3,3,5,2.632,1.153
146,AMERICAN_HISTORY_X,1,3,1,1,2,0,3,3,3,3,3,1,1,3,3,1,1,3,0.882,2.085
146,CHILDS_PLAY_II,2,1,3,1,3,3,4,4,5,5,3,1,1,2,2,2,3,3,1.779,2.998
146,COPYCAT,1,3,5,1,1,3,4,4,4,4,3,1,1,4,5,1,3,1,1.435,2.907
146,DEAD_POETS_SOCIETY_1,1,5,3,2,2,1,1,4,1,1,1,1,1,1,1,1,1,3,1.009,1.439
146,DEAD_POETS_SOCIETY_2,4,4,5,5,1,1,1,1,1,1,4,4,5,1,4,4,4,1,3.791,0.718
146,FOREST_GUMP,2,3,1,1,1,1,1,1,1,1,1,1,1,1,1,1,1,1,0.908,0.771
146,SE7EN_1,4,3,5,1,2,2,2,3,1,1,1,1,1,3,3,4,4,1,2.779,1.73
146,SE7EN_3,1,3,1,1,1,3,1,3,5,5,1,1,1,1,4,1,1,3,0.898,1.327
146,THE_PROFESSIONAL,1,1,2,3,2,4,3,3,2,1,1,5,5,5,3,3,2,1,2.798,2.334
146,SOMETHING_ABOUT_MARY,4,4,3,4,4,3,2,2,1,1,2,2,3,3,4,4,4,3,3.301,1.683
146,TRAINSPOTTING,1,3,3,1,1,3,1,1,5,5,1,1,1,3,1,1,1,5,0.906,0.913
147,A_FISH_CALLED_WANDA,3,1,2,2,1,1,1,1,2,1,2,1,1,1,1,1,1,1,1.022,0.769
147,AMERICAN_HISTORY_X,3,2,3,1,3,3,3,4,4,1,4,1,1,2,1,1,1,1,0.874,2.554
147,CHILDS_PLAY_II,2,2,3,1,1,1,2,1,1,1,1,1,1,1,1,1,1,1,0.899,1.232
147,COPYCAT,3,2,4,1,1,1,2,2,2,1,1,1,1,1,1,1,1,1,0.895,1.439
147,DEAD_POETS_SOCIETY_1,1,2,3,1,2,1,1,2,1,1,1,1,1,1,1,1,2,1,1.187,1.022
147,DEAD_POETS_SOCIETY_2,4,3,3,3,2,1,1,2,1,1,1,3,2,1,2,2,2,1,2.119,1.005
147,FOREST_GUMP,4,1,4,2,2,1,1,1,1,1,1,2,2,1,3,2,3,1,2.114,0.798
147,SE7EN_1,4,2,4,1,1,1,2,3,1,1,1,1,1,1,1,1,1,1,0.891,1.646
147,SE7EN_3,2,2,2,1,2,1,1,2,2,1,1,1,1,1,1,1,1,1,0.903,1.027
147,THE_PROFESSIONAL,4,2,4,3,1,1,2,2,1,1,1,1,1,1,1,1,2,1,1.407,1.43
147,SOMETHING_ABOUT_MARY,4,4,3,3,1,1,1,1,1,1,1,2,1,1,1,1,1,1,1.315,0.764
147,TRAINSPOTTING,1,3,2,1,1,1,1,1,5,1,2,1,1,1,1,1,1,3,0.908,0.771
148,A_FISH_CALLED_WANDA,3,3,2,2,1,1,1,1,1,1,1,1,1,1,1,1,1,2,1.022,0.769
148,AMERICAN_HISTORY_X,1,2,1,1,3,3,1,1,3,3,1,1,1,1,1,1,1,1,0.904,1.011
148,CHILDS_PLAY_II,3,3,1,1,1,1,4,4,2,2,1,1,1,1,1,1,1,1,0.869,2.775
148,COPYCAT,2,2,2,2,3,2,2,2,4,2,3,1,1,1,1,1,1,1,1.006,1.606
148,DEAD_POETS_SOCIETY_2,4,4,4,4,1,1,1,1,1,1,4,4,4,1,5,4,4,1,3.677,0.72
148,FOREST_GUMP,3,3,3,3,1,1,1,1,1,1,1,3,1,1,2,3,3,1,2.754,0.737
148,SE7EN_1,3,4,2,1,3,3,1,3,2,2,2,1,1,1,1,1,1,1,0.896,1.425
148,SE7EN_3,2,2,1,1,1,1,2,2,3,3,1,1,1,1,1,1,1,1,0.895,1.439
148,THE_PROFESSIONAL,3,2,1,1,3,1,1,1,1,1,1,1,1,1,1,1,1,1,0.906,0.869
148,SOMETHING_ABOUT_MARY,3,3,1,1,1,1,1,1,1,1,1,1,1,1,1,1,1,1,0.908,0.771
148,TRAINSPOTTING,1,2,1,1,1,1,1,1,5,3,3,1,1,1,1,1,1,1,0.908,0.771
149,A_FISH_CALLED_WANDA,4,3,4,4,2,2,2,2,1,2,4,4,2,2,1,2,4,2,2.97,1.522
149,AMERICAN_HISTORY_X,2,2,3,1,3,4,3,4,4,4,4,1,1,3,1,1,1,3,0.873,2.625
149,CHILDS_PLAY_II,2,2,4,1,2,2,4,4,2,2,2,1,1,1,1,2,2,2,1.497,2.883
149,COPYCAT,1,3,3,4,3,4,4,4,4,2,2,1,1,2,2,1,1,1,1.206,3.08
149,DEAD_POETS_SOCIETY_1,3,2,3,1,4,4,4,4,3,3,3,1,1,3,3,1,1,1,0.863,3.135
149,DEAD_POETS_SOCIETY_2,5,3,4,4,3,2,2,2,2,2,3,4,4,2,4,4,2,1,3.093,1.567
149,FOREST_GUMP,5,4,3,4,3,2,2,2,2,2,2,4,4,2,2,3,3,2,3.031,1.569
149,SE7EN_1,4,3,5,2,2,2,4,4,2,2,2,2,2,2,2,2,2,1,1.79,2.878
149,SE7EN_3,1,3,3,2,2,2,2,2,3,2,2,1,1,1,1,1,1,1,1.007,1.557
149,THE_PROFESSIONAL,3,1,3,1,1,1,1,3,1,1,2,1,1,1,1,1,1,1,0.9,1.185
149,SOMETHING_ABOUT_MARY,4,1,4,4,2,1,1,1,3,1,3,3,2,1,1,2,3,4,2.521,0.791
149,TRAINSPOTTING,1,3,1,1,1,1,1,1,5,1,3,1,1,1,1,1,1,5,0.908,0.771
150,A_FISH_CALLED_WANDA,3,5,4,1,1,1,1,1,3,3,4,1,1,1,1,1,1,3,0.908,0.771
150,AMERICAN_HISTORY_X,1,5,4,1,5,5,5,5,5,4,5,1,1,1,1,1,1,1,0.848,3.923
150,CHILDS_PLAY_II,1,2,4,1,5,5,4,5,5,5,4,1,1,2,3,1,1,2,0.857,3.462
150,COPYCAT,1,4,4,2,1,3,4,5,3,2,4,1,1,1,1,1,1,1,0.977,3.122
150,DEAD_POETS_SOCIETY_1,3,4,5,2,4,1,3,5,1,1,5,1,1,1,3,1,1,1,0.985,2.666
150,DEAD_POETS_SOCIETY_2,3,5,4,3,1,1,1,1,1,1,1,4,3,1,4,2,4,1,2.871,0.736
150,FOREST_GUMP,4,5,4,4,1,1,1,1,1,1,2,4,4,1,3,3,4,1,3.331,0.727
150,SE7EN_1,4,5,5,3,1,1,1,4,1,1,3,1,1,1,1,1,1,1,1.124,1.388
150,SE7EN_3,2,3,3,2,1,1,1,1,1,1,1,1,1,1,1,1,1,1,1.022,0.769
150,THE_PROFESSIONAL,2,2,3,1,2,1,3,4,1,1,1,2,4,1,4,1,1,1,1.056,2.36
150,SOMETHING_ABOUT_MARY,4,3,4,3,1,1,1,1,1,1,4,2,1,1,1,2,2,1,1.945,0.752
150,TRAINSPOTTING,1,0,1,1,1,5,1,1,5,5,5,1,1,5,1,1,1,5,0.904,1.055
151,A_FISH_CALLED_WANDA,3,3,2,2,2,2,2,2,2,4,2,2,2,2,3,2,2,2,1.816,1.542
151,AMERICAN_HISTORY_X,2,3,2,1,4,1,1,4,1,1,1,1,1,1,1,1,1,1,0.893,1.539
151,CHILDS_PLAY_II,4,3,3,2,1,1,3,3,3,1,3,1,1,1,1,1,1,1,0.996,2.105
151,COPYCAT,3,3,2,2,2,2,2,2,2,2,2,2,2,2,2,2,2,2,1.816,1.542
151,DEAD_POETS_SOCIETY_1,3,3,3,2,3,1,1,1,1,1,1,1,1,1,1,1,1,1,1.02,0.867
151,DEAD_POETS_SOCIETY_2,4,4,4,4,1,1,1,1,1,1,1,1,1,1,1,1,1,1,1.25,0.765
151,FOREST_GUMP,4,3,4,2,4,4,4,4,4,4,4,4,4,4,2,2,2,2,2.144,3.112
151,SE7EN_1,4,4,1,1,1,1,1,1,1,1,1,1,1,1,1,1,1,1,0.908,0.771
151,SE7EN_3,3,3,1,1,1,1,1,1,1,1,1,1,1,1,1,1,1,1,0.908,0.771
151,THE_PROFESSIONAL,4,4,4,1,4,1,1,1,1,1,1,1,1,1,1,1,1,1,0.905,0.918
151,SOMETHING_ABOUT_MARY,3,3,1,1,1,1,1,1,1,1,1,1,1,1,1,1,1,1,0.908,0.771
151,TRAINSPOTTING,1,3,1,1,1,1,1,1,1,0,4,1,1,1,1,1,1,1,0.908,0.771
152,A_FISH_CALLED_WANDA,5,1,5,5,1,1,1,3,2,2,5,4,5,5,5,5,5,5,4.413,1.12
152,AMERICAN_HISTORY_X,1,5,4,1,5,5,5,5,5,2,5,5,1,4,3,1,1,1,1.564,3.911
152,CHILDS_PLAY_II,1,5,1,1,5,1,5,5,3,3,3,3,1,4,4,1,1,3,1.21,3.633
152,COPYCAT,1,5,1,1,5,5,5,5,5,5,5,1,1,1,5,1,1,1,0.848,3.923
152,DEAD_POETS_SOCIETY_1,1,5,3,2,5,4,5,5,5,5,4,4,3,3,3,3,2,1,2.476,3.822
152,DEAD_POETS_SOCIETY_2,3,5,1,1,3,3,3,3,3,3,3,3,3,3,2,2,3,3,2.15,2.324
152,FOREST_GUMP,1,3,1,1,1,1,3,3,2,3,2,4,4,4,4,2,4,2,2.617,2.076
152,SE7EN_1,5,5,4,4,4,4,3,3,4,2,2,3,3,4,3,5,2,2,3.244,2.422
152,SE7EN_3,4,3,4,4,3,4,1,4,2,3,3,1,1,1,1,1,1,1,1.233,1.697
152,THE_PROFESSIONAL,2,5,1,5,5,2,3,3,3,3,4,4,4,2,2,1,1,1,1.87,2.357
152,SOMETHING_ABOUT_MARY,5,3,5,5,3,4,3,3,3,3,3,3,3,3,3,4,4,4,3.581,2.368
152,TRAINSPOTTING,1,3,1,1,5,5,3,2,5,4,2,2,1,1,4,1,5,5,2.193,2.357
153,A_FISH_CALLED_WANDA,4,3,3,3,2,3,3,2,3,3,3,3,3,3,3,3,3,2,2.729,2.057
153,AMERICAN_HISTORY_X,4,4,4,3,3,2,3,3,3,3,3,3,3,3,3,3,3,3,2.725,2.242
153,CHILDS_PLAY_II,2,3,3,3,3,3,3,3,3,3,3,3,3,3,3,3,3,3,2.724,2.313
153,COPYCAT,4,3,3,3,3,3,3,3,3,3,3,3,3,3,3,3,3,3,2.724,2.313
153,DEAD_POETS_SOCIETY_1,5,4,3,3,3,3,3,3,3,3,3,3,3,3,3,3,3,3,2.724,2.313
153,DEAD_POETS_SOCIETY_2,4,4,4,4,3,3,3,3,3,3,3,3,3,3,4,4,4,3,3.468,2.299
153,FOREST_GUMP,5,5,4,4,2,3,3,3,3,3,3,3,3,3,3,3,3,3,2.839,2.262
153,SE7EN_1,5,4,3,3,3,3,3,3,3,3,3,3,3,3,3,3,4,3,3.008,2.308
153,SE7EN_3,5,4,4,4,3,3,3,3,3,3,3,3,3,3,3,3,4,3,3.122,2.306
153,THE_PROFESSIONAL,5,5,5,5,3,3,3,3,3,3,3,3,3,3,3,5,5,3,4.212,2.285
153,SOMETHING_ABOUT_MARY,5,4,5,5,3,3,3,3,3,3,3,3,3,3,3,4,4,3,3.582,2.297
153,TRAINSPOTTING,4,5,5,4,3,3,3,3,3,3,3,3,3,3,3,5,4,3,3.814,2.292
154,A_FISH_CALLED_WANDA,5,5,1,4,1,1,1,1,1,1,3,3,1,1,1,1,4,1,2.46,0.744
154,AMERICAN_HISTORY_X,3,4,4,1,5,5,2,2,5,5,1,1,1,1,1,1,1,1,0.887,1.919
154,CHILDS_PLAY_II,2,4,2,1,1,1,1,4,1,1,1,1,1,1,1,1,1,1,0.896,1.392
154,COPYCAT,5,5,5,1,2,3,2,3,5,3,1,1,1,1,1,1,1,1,0.888,1.837
154,DEAD_POETS_SOCIETY_1,2,5,2,1,5,5,3,3,3,1,1,1,0,4,1,1,1,1,0.874,2.587
154,DEAD_POETS_SOCIETY_2,5,5,5,5,1,1,1,1,1,1,1,5,5,1,5,5,5,1,4.6,0.703
154,FOREST_GUMP,5,5,1,5,1,1,1,1,1,1,1,5,5,1,5,5,5,1,4.6,0.703
154,SE7EN_1,5,5,5,1,2,5,2,4,5,3,1,1,1,1,1,1,1,1,0.882,2.186
154,SE7EN_3,3,3,4,1,1,1,1,1,1,1,1,1,1,1,1,1,1,1,0.908,0.771
154,THE_PROFESSIONAL,5,5,4,2,3,1,1,4,1,1,1,1,1,1,4,2,1,1,1.354,1.481
154,SOMETHING_ABOUT_MARY,1,3,1,1,1,1,1,1,1,1,1,1,1,1,1,1,1,1,0.908,0.771
154,TRAINSPOTTING,1,3,1,1,1,1,1,1,4,1,1,1,1,1,1,1,1,1,0.908,0.771
155,A_FISH_CALLED_WANDA,4,2,4,4,2,2,2,2,1,2,3,3,2,2,2,3,4,4,3.137,1.518
155,AMERICAN_HISTORY_X,2,2,2,1,2,4,4,4,4,3,3,1,1,1,1,1,1,1,0.865,3.037
155,CHILDS_PLAY_II,4,4,4,3,2,3,5,4,1,2,4,4,2,2,3,3,2,1,2.598,3.395
155,COPYCAT,4,4,2,1,4,5,0,2,1,1,1,1,1,1,1,1,1,1,0.906,0.948
155,DEAD_POETS_SOCIETY_1,1,2,2,1,1,1,3,2,2,2,1,1,1,1,1,1,1,1,0.886,1.9
155,DEAD_POETS_SOCIETY_2,5,5,5,5,1,1,1,1,1,1,3,4,4,2,5,4,4,1,3.791,0.718
155,FOREST_GUMP,4,4,4,3,1,1,1,1,1,1,3,5,5,2,4,2,5,1,3.334,0.728
155,SE7EN_1,4,4,4,2,2,4,2,2,2,2,2,1,2,1,1,1,1,1,1.005,1.699
155,SE7EN_3,3,3,1,1,1,1,3,2,2,2,2,1,1,1,1,1,1,1,0.886,1.9
155,THE_PROFESSIONAL,4,3,2,2,4,3,0,4,1,2,2,2,4,3,3,2,2,1,1.823,1.203
155,SOMETHING_ABOUT_MARY,5,3,5,4,1,1,1,1,3,3,5,5,4,4,4,2,4,4,3.164,0.731
155,TRAINSPOTTING,2,1,2,1,4,3,2,2,2,2,3,1,1,4,2,1,2,1,1.174,1.723
156,A_FISH_CALLED_WANDA,4,4,3,3,1,1,1,1,1,1,3,3,1,1,1,3,3,1,2.754,0.737
156,AMERICAN_HISTORY_X,1,4,3,1,3,1,3,3,3,1,3,1,1,1,1,1,1,1,0.88,2.205
156,CHILDS_PLAY_II,3,1,3,1,4,3,3,1,1,1,3,1,1,3,3,1,1,1,0.885,1.982
156,COPYCAT,1,3,3,1,3,1,3,3,1,1,3,1,1,1,1,1,1,1,0.88,2.205
156,DEAD_POETS_SOCIETY_1,2,3,1,1,3,1,3,3,1,1,1,1,1,1,1,1,1,1,0.88,2.205
156,DEAD_POETS_SOCIETY_2,3,3,1,1,1,1,1,1,1,1,1,1,1,1,1,1,1,1,0.908,0.771
156,FOREST_GUMP,2,3,1,1,1,1,1,1,1,1,1,1,1,1,1,1,1,1,0.908,0.771
156,SE7EN_1,3,3,1,1,1,1,1,1,1,1,1,1,1,1,1,1,1,1,0.908,0.771
156,SE7EN_3,1,2,1,1,1,1,1,1,1,1,1,1,1,1,1,1,1,1,0.908,0.771
156,THE_PROFESSIONAL,2,3,1,1,3,1,3,1,1,1,1,1,1,1,1,1,1,1,0.888,1.791
156,TRAINSPOTTING,1,4,3,1,1,1,1,3,3,1,3,1,1,1,1,1,1,1,0.9,1.185
157,A_FISH_CALLED_WANDA,1,2,1,1,1,1,1,1,4,1,1,0,1,1,1,1,1,4,0.729,0.774
157,AMERICAN_HISTORY_X,1,5,3,1,5,4,1,4,5,3,1,1,1,3,5,1,1,2,0.889,1.801
157,CHILDS_PLAY_II,2,2,3,1,2,1,2,3,2,1,2,1,1,1,2,1,1,1,0.89,1.695
157,COPYCAT,1,2,1,1,3,2,1,2,3,2,1,1,1,2,2,1,1,1,0.901,1.147
157,DEAD_POETS_SOCIETY_1,1,3,2,1,2,1,1,2,2,1,1,1,2,1,2,1,1,1,0.903,1.027
157,DEAD_POETS_SOCIETY_2,5,5,4,5,1,1,1,1,1,1,2,5,4,1,2,3,3,1,3.34,0.727
157,FOREST_GUMP,5,2,3,4,1,1,1,1,1,1,1,5,4,1,2,4,5,1,4.14,0.712
157,SE7EN_1,3,1,4,1,3,2,1,1,2,1,2,1,1,1,2,1,2,1,1.189,0.935
157,SE7EN_3,1,4,4,1,3,1,1,1,3,1,2,1,1,1,2,1,2,1,1.19,0.864
157,THE_PROFESSIONAL,5,5,5,1,2,1,1,3,1,1,3,3,4,1,2,2,2,1,1.887,1.216
157,SOMETHING_ABOUT_MARY,2,3,2,3,2,1,1,1,1,1,3,2,2,1,1,1,2,3,1.598,0.808
157,TRAINSPOTTING,3,3,3,2,2,1,1,1,4,1,4,1,1,1,1,1,2,2,1.305,0.813
158,A_FISH_CALLED_WANDA,4,3,4,4,1,1,1,3,1,1,4,3,3,1,3,4,4,1,3.49,1.137
158,AMERICAN_HISTORY_X,2,3,4,1,4,5,1,1,1,1,4,1,1,1,1,1,1,1,0.901,1.202
158,CHILDS_PLAY_II,3,1,3,1,1,1,2,3,1,1,1,1,1,1,1,1,1,1,0.891,1.646
158,COPYCAT,5,2,5,2,1,3,1,4,1,1,3,1,1,1,1,1,1,1,1.008,1.532
158,DEAD_POETS_SOCIETY_1,2,2,3,1,4,1,1,3,2,1,2,1,1,1,1,1,1,1,0.897,1.332
158,DEAD_POETS_SOCIETY_2,4,3,4,4,1,1,2,2,1,1,2,3,3,1,3,3,1,1,2.287,1.413
158,FOREST_GUMP,4,3,4,4,1,1,1,3,1,1,2,4,4,1,3,1,4,1,2.631,1.155
158,SE7EN_1,4,2,5,1,1,4,1,4,1,1,2,1,1,1,1,1,1,1,0.893,1.605
158,SE7EN_3,3,3,4,1,1,1,1,4,1,1,1,1,1,1,1,1,1,1,0.896,1.392
158,THE_PROFESSIONAL,4,3,4,3,3,2,1,4,1,1,4,2,2,1,3,4,3,1,2.906,1.523
158,SOMETHING_ABOUT_MARY,5,3,4,4,1,1,1,2,1,1,2,1,1,1,1,3,1,1,1.938,0.958
158,TRAINSPOTTING,4,3,4,4,1,1,1,1,3,1,4,1,1,1,1,1,1,1,1.25,0.765
159,A_FISH_CALLED_WANDA,3,3,2,2,3,2,2,1,1,3,3,1,2,2,3,3,1,1,1.702,1.385
159,AMERICAN_HISTORY_X,3,4,3,4,2,2,3,3,4,2,2,3,3,3,4,2,2,2,2.21,2.203
159,CHILDS_PLAY_II,5,3,3,2,1,1,1,1,2,1,4,1,1,1,1,4,2,1,2.344,0.743
159,COPYCAT,3,5,4,2,4,3,1,2,2,2,3,1,1,1,1,1,1,1,1.013,1.265
159,DEAD_POETS_SOCIETY_1,1,1,1,1,1,1,1,1,1,1,1,1,1,1,1,5,1,4,2.292,0.743
159,DEAD_POETS_SOCIETY_2,4,2,3,4,3,3,2,2,2,3,1,1,3,2,2,2,1,1,1.579,1.666
159,FOREST_GUMP,4,4,3,3,3,2,1,2,1,1,4,3,4,1,4,3,3,1,2.747,1.113
159,SE7EN_1,5,3,4,2,3,2,2,3,2,2,4,1,1,1,1,1,1,1,1.002,1.813
159,SE7EN_3,4,3,2,2,3,3,1,1,3,3,2,2,1,1,2,2,2,2,1.827,0.994
159,THE_PROFESSIONAL,3,1,3,2,3,5,1,2,1,2,3,1,2,2,3,1,1,1,1.012,1.358
159,SOMETHING_ABOUT_MARY,3,3,4,3,2,2,2,1,1,1,3,3,1,1,1,2,0,1,1.545,1.34
159,TRAINSPOTTING,4,3,3,1,1,1,1,3,3,1,3,1,1,1,1,1,1,1,0.9,1.185
160,A_FISH_CALLED_WANDA,3,2,2,3,2,2,3,2,3,2,2,3,0,2,2,3,1,2,2.162,1.996
160,AMERICAN_HISTORY_X,3,2,4,1,3,2,4,4,3,1,4,1,1,1,2,1,1,2,0.866,2.944
160,CHILDS_PLAY_II,4,3,3,2,4,3,4,2,3,3,2,3,3,3,4,2,3,3,2.258,2.625
160,COPYCAT,2,2,5,2,2,3,3,4,2,0,3,2,3,4,3,3,1,1,1.86,2.486
160,DEAD_POETS_SOCIETY_1,4,2,5,2,3,2,1,4,1,1,2,3,3,2,3,2,2,1,1.995,1.541
160,DEAD_POETS_SOCIETY_2,2,2,2,3,2,4,2,0,1,3,2,4,1,2,3,2,3,1,2.578,1.257
160,FOREST_GUMP,2,2,2,1,5,4,3,3,2,3,2,4,2,1,3,1,1,2,1.412,2.507
160,SE7EN_1,1,2,1,1,3,3,4,4,5,4,3,1,1,2,1,1,1,2,0.865,3.015
160,SE7EN_3,1,2,1,1,4,4,3,3,4,4,4,1,1,2,2,1,1,2,0.876,2.467
160,THE_PROFESSIONAL,4,4,5,1,4,3,5,4,2,5,5,3,4,1,3,1,1,1,1.213,3.519
160,SOMETHING_ABOUT_MARY,4,3,5,5,1,1,1,1,1,1,2,2,2,1,1,3,3,3,2.803,0.736
160,TRAINSPOTTING,1,1,1,1,1,1,1,2,1,1,2,3,3,2,2,1,4,1,2.114,0.957
161,A_FISH_CALLED_WANDA,5,5,4,4,1,1,1,2,1,1,5,3,3,1,1,3,1,2,2.296,0.952
161,DEAD_POETS_SOCIETY_1,1,5,1,1,1,1,3,3,1,1,1,1,1,1,1,1,1,1,0.882,2.107
161,FOREST_GUMP,5,5,4,4,3,1,1,1,1,1,2,5,5,1,5,4,3,1,3.57,0.82
161,SE7EN_1,1,5,5,1,1,4,3,5,1,1,1,1,1,1,1,1,1,1,0.871,2.734
161,SE7EN_3,1,1,5,1,3,3,5,5,4,1,1,1,1,1,1,1,1,1,0.852,3.683
161,THE_PROFESSIONAL,2,3,4,1,1,3,4,5,1,2,1,1,1,1,1,1,1,1,0.863,3.124
161,TRAINSPOTTING,1,3,5,1,1,1,1,5,5,5,5,1,1,1,1,1,1,1,0.892,1.599
162,A_FISH_CALLED_WANDA,3,3,3,3,1,2,1,3,2,1,2,2,2,1,2,2,2,3,1.936,1.237
162,AMERICAN_HISTORY_X,1,1,2,1,4,4,4,4,4,4,1,1,1,1,3,1,1,1,0.863,3.135
162,CHILDS_PLAY_II,1,3,5,1,2,4,5,4,1,1,3,1,1,1,2,1,1,1,0.856,3.498
162,COPYCAT,3,4,0,2,2,1,1,1,2,1,3,1,1,1,1,1,1,1,1.021,0.818
162,DEAD_POETS_SOCIETY_1,2,4,4,1,4,4,5,4,1,1,3,1,1,1,4,3,1,1,1.546,3.582
162,DEAD_POETS_SOCIETY_2,5,5,4,4,1,3,1,2,1,1,2,4,4,1,4,4,3,1,3.387,1.074
162,FOREST_GUMP,5,5,4,5,1,1,1,1,1,1,2,5,5,1,4,4,4,0,3.97,0.715
162,SE7EN_1,4,4,4,2,4,4,4,4,1,1,2,1,1,1,3,1,1,1,0.977,3.133
162,SE7EN_3,4,4,5,3,2,1,2,3,2,2,2,1,1,1,1,1,1,1,1.118,1.691
162,THE_PROFESSIONAL,4,5,4,3,2,4,4,4,1,1,3,2,4,1,4,3,1,1,1.964,3.016
162,SOMETHING_ABOUT_MARY,4,3,3,4,1,1,1,1,4,1,1,2,2,1,1,2,2,4,2.059,0.75
162,TRAINSPOTTING,1,1,1,1,1,1,1,1,5,1,1,1,1,1,1,1,1,3,0.908,0.771
163,A_FISH_CALLED_WANDA,2,1,3,3,1,1,1,1,1,1,1,1,1,1,1,1,1,1,1.136,0.767
163,AMERICAN_HISTORY_X,1,4,4,1,5,5,4,4,5,3,3,1,2,1,5,1,1,2,0.861,3.255
163,CHILDS_PLAY_II,3,1,4,1,1,1,5,1,1,1,1,1,1,1,1,1,1,1,0.872,2.615
163,COPYCAT,2,2,1,1,3,2,4,5,2,1,1,1,1,1,2,1,1,1,0.862,3.151
163,DEAD_POETS_SOCIETY_1,1,3,1,1,5,2,2,4,2,1,1,2,1,1,5,1,1,1,1.061,2.117
163,DEAD_POETS_SOCIETY_2,5,4,4,5,2,1,1,1,1,1,4,5,4,1,5,3,3,1,3.339,0.776
163,FOREST_GUMP,5,5,5,5,1,1,1,1,1,1,1,1,4,1,5,1,3,1,1.932,0.753
163,SE7EN_1,4,4,1,1,3,1,1,1,1,1,1,1,1,1,2,1,1,1,0.906,0.869
163,SE7EN_3,3,2,1,1,3,4,5,5,5,1,1,1,1,1,2,1,1,1,0.851,3.754
163,THE_PROFESSIONAL,3,3,1,1,3,2,3,3,1,1,1,1,1,1,4,1,1,1,0.879,2.276
163,SOMETHING_ABOUT_MARY,3,3,1,1,1,1,1,1,1,1,1,1,1,1,1,1,1,1,0.908,0.771
163,TRAINSPOTTING,1,1,1,1,1,1,1,2,5,1,1,1,1,1,1,1,1,1,0.904,0.978
164,A_FISH_CALLED_WANDA,2,2,3,3,1,2,1,2,3,3,3,1,1,1,1,1,1,3,1.131,1.045
164,AMERICAN_HISTORY_X,3,3,4,1,2,2,5,5,4,3,3,1,1,1,1,1,1,1,0.854,3.563
164,CHILDS_PLAY_II,2,2,5,1,2,1,4,5,4,2,3,1,1,1,1,1,1,1,0.864,3.031
164,COPYCAT,3,2,2,1,1,1,1,1,1,1,1,1,1,1,1,1,2,1,1.192,0.766
164,DEAD_POETS_SOCIETY_1,1,1,1,1,1,1,1,1,1,1,1,1,1,1,1,1,2,1,1.192,0.766
164,DEAD_POETS_SOCIETY_2,5,4,4,4,3,1,1,1,1,1,3,5,3,5,0,4,2,1,3.286,0.825
164,FOREST_GUMP,3,3,1,1,1,1,1,1,1,1,1,1,1,1,1,1,1,1,0.908,0.771
164,SE7EN_1,4,3,5,1,1,2,4,1,1,1,1,1,1,1,1,1,1,1,0.88,2.225
164,SE7EN_3,3,2,4,1,2,1,3,3,3,2,1,1,1,1,1,1,1,1,0.881,2.156
164,THE_PROFESSIONAL,2,2,5,1,3,1,4,4,1,2,1,1,1,1,2,1,1,1,0.867,2.873
164,SOMETHING_ABOUT_MARY,3,3,3,3,1,1,1,1,2,1,3,1,1,1,1,1,1,1,1.136,0.767
164,TRAINSPOTTING,2,3,2,2,1,1,1,2,5,3,3,1,1,1,1,1,1,1,1.018,0.976
165,A_FISH_CALLED_WANDA,4,3,3,3,1,1,1,1,1,1,3,3,3,1,1,3,3,1,2.754,0.737
165,AMERICAN_HISTORY_X,4,4,5,1,4,4,4,5,4,3,3,1,1,3,3,1,1,1,0.859,3.342
165,CHILDS_PLAY_II,4,3,4,1,2,3,4,4,3,3,3,1,1,2,2,1,1,1,0.866,2.966
165,COPYCAT,3,3,4,1,3,3,4,4,2,2,3,1,1,2,2,1,1,1,0.865,3.015
165,DEAD_POETS_SOCIETY_2,5,4,5,1,4,2,1,4,1,1,1,4,4,1,5,4,3,1,3.035,1.57
165,FOREST_GUMP,5,4,5,5,4,1,1,2,1,1,2,5,5,1,5,4,4,1,3.963,1.069
165,SE7EN_1,5,3,5,1,1,2,2,4,1,1,2,1,1,1,3,1,1,1,0.886,1.924
165,SE7EN_3,3,3,4,1,1,1,3,4,1,1,1,1,1,1,1,1,1,1,0.878,2.314
165,THE_PROFESSIONAL,5,4,5,1,4,1,1,4,1,1,1,1,1,1,4,3,3,1,2.153,1.515
165,SOMETHING_ABOUT_MARY,5,4,3,5,1,1,1,1,1,1,1,5,4,1,1,4,4,1,3.97,0.715
165,TRAINSPOTTING,1,3,2,2,1,1,1,1,4,1,4,1,1,1,2,1,1,1,1.022,0.769
166,A_FISH_CALLED_WANDA,4,4,5,4,1,1,1,1,1,1,2,2,2,1,1,3,3,1,2.689,0.738
166,AMERICAN_HISTORY_X,5,1,5,1,1,1,1,3,1,1,3,1,1,1,1,1,1,1,0.9,1.185
166,CHILDS_PLAY_II,5,4,5,3,1,1,1,2,1,1,1,1,1,1,1,3,1,1,1.824,0.96
166,COPYCAT,4,4,5,2,1,1,1,1,1,1,3,1,1,1,2,2,2,1,1.652,0.757
166,DEAD_POETS_SOCIETY_1,5,4,5,2,1,1,2,4,1,1,4,1,1,1,3,3,1,1,1.693,1.837
166,DEAD_POETS_SOCIETY_2,3,3,3,2,2,1,1,1,1,1,1,2,2,1,2,1,1,1,1.2,0.815
166,FOREST_GUMP,3,2,3,4,2,1,1,2,1,1,1,3,2,1,2,2,4,1,2.801,0.993
166,SE7EN_1,5,4,5,4,1,1,1,3,1,1,3,2,2,1,3,3,1,1,2.113,1.162
166,SE7EN_3,4,2,4,3,1,1,1,2,1,1,1,1,1,1,1,2,2,1,1.762,0.962
166,THE_PROFESSIONAL,4,5,4,2,1,1,1,2,1,1,1,1,1,1,1,2,1,1,1.364,0.969
166,SOMETHING_ABOUT_MARY,5,4,3,3,1,1,1,1,1,1,1,1,2,1,1,1,2,1,1.42,0.762
166,TRAINSPOTTING,4,5,4,3,1,1,1,1,2,1,3,1,1,1,1,1,1,1,1.136,0.767
167,A_FISH_CALLED_WANDA,4,4,3,4,1,1,1,3,1,1,4,2,1,1,1,2,1,2,1.767,1.169
167,AMERICAN_HISTORY_X,4,4,1,1,3,4,2,4,2,1,1,1,1,1,3,1,1,1,0.882,2.164
167,CHILDS_PLAY_II,4,3,3,1,1,1,4,4,1,1,2,1,1,1,1,1,1,1,0.869,2.775
167,COPYCAT,3,4,2,1,2,3,1,4,1,1,1,1,1,1,1,1,1,1,0.893,1.583
167,DEAD_POETS_SOCIETY_1,2,4,3,1,4,1,4,5,1,1,2,1,1,1,3,1,1,1,0.862,3.129
167,DEAD_POETS_SOCIETY_2,3,4,4,4,1,1,1,1,1,1,1,3,2,1,3,1,1,1,1.608,0.759
167,FOREST_GUMP,4,4,4,1,3,1,1,3,1,1,1,3,4,1,3,4,1,1,2.294,1.256
167,SE7EN_1,5,4,5,2,3,1,3,4,1,1,1,1,1,1,1,1,1,1,0.99,2.41
167,SE7EN_3,3,2,2,1,1,1,1,3,2,1,1,1,1,1,1,1,1,1,0.9,1.185
167,THE_PROFESSIONAL,4,3,4,1,1,1,4,4,1,1,1,1,1,1,3,1,1,1,0.869,2.775
167,SOMETHING_ABOUT_MARY,4,3,3,3,1,1,1,1,2,1,4,1,1,1,1,1,1,1,1.136,0.767
167,TRAINSPOTTING,3,3,2,1,1,1,1,3,4,1,3,1,1,1,2,1,1,1,0.9,1.185
168,A_FISH_CALLED_WANDA,4,1,4,4,1,1,1,2,2,2,3,4,4,1,2,2,3,2,2.697,0.946
168,AMERICAN_HISTORY_X,3,3,3,2,3,3,3,3,3,3,3,2,2,2,3,2,3,2,2.085,2.325
168,CHILDS_PLAY_II,3,2,3,2,3,2,3,3,2,2,2,2,2,2,3,2,3,1,2.086,2.254
168,COPYCAT,3,3,3,2,3,2,3,3,4,3,2,2,1,2,3,2,2,2,1.802,2.259
168,DEAD_POETS_SOCIETY_1,2,3,3,2,4,4,4,4,2,2,3,3,3,2,3,3,4,1,2.879,3.098
168,DEAD_POETS_SOCIETY_2,4,1,4,4,3,2,2,3,1,1,3,4,4,1,4,4,3,1,3.373,1.769
168,FOREST_GUMP,4,3,3,4,3,2,2,3,2,2,3,3,3,2,4,4,4,1,3.478,1.767
168,SE7EN_1,4,1,4,2,3,3,2,1,3,3,2,2,1,1,3,1,2,2,1.472,1.462
168,SE7EN_3,2,1,1,1,5,5,2,1,1,1,2,1,1,1,2,2,5,1,2.373,1.685
168,THE_PROFESSIONAL,4,4,4,3,3,3,2,2,2,2,3,3,3,2,4,4,3,2,3.083,1.638
168,SOMETHING_ABOUT_MARY,4,3,3,4,2,2,2,2,1,1,3,3,3,2,2,3,4,1,3.137,1.518
168,TRAINSPOTTING,1,3,1,1,3,5,2,2,5,3,3,1,1,1,3,1,1,3,0.889,1.821
169,A_FISH_CALLED_WANDA,3,3,2,3,2,1,1,2,1,1,2,2,2,2,2,3,3,2,2.57,0.996
169,AMERICAN_HISTORY_X,3,3,3,4,3,3,2,3,3,2,2,2,1,3,3,3,2,3,2.384,1.858
169,CHILDS_PLAY_II,4,4,3,4,3,4,3,3,3,2,3,3,4,2,3,3,2,4,2.553,2.387
169,COPYCAT,3,3,3,3,3,2,2,2,1,1,3,3,2,3,4,4,4,3,3.368,1.562
169,DEAD_POETS_SOCIETY_1,3,3,4,4,3,2,2,1,3,3,3,2,3,3,2,4,3,2,3.023,1.361
169,DEAD_POETS_SOCIETY_2,3,3,3,2,4,3,3,3,3,3,3,2,3,4,3,2,3,4,2.084,2.374
169,FOREST_GUMP,3,5,5,4,3,4,3,3,4,2,3,3,3,3,4,5,3,3,3.529,2.368
169,SE7EN_1,5,5,4,3,3,3,3,4,4,3,3,2,3,4,3,3,4,3,2.825,2.518
169,SE7EN_3,4,4,3,4,3,3,4,3,3,0,4,3,2,3,4,3,3,3,2.829,2.772
169,THE_PROFESSIONAL,4,3,3,3,4,4,3,3,4,3,2,3,2,3,3,4,3,3,3.068,2.426
169,SOMETHING_ABOUT_MARY,4,5,4,4,3,3,4,3,2,3,3,4,4,4,3,3,2,3,2.724,2.774
169,TRAINSPOTTING,5,4,3,4,3,3,3,4,4,3,3,5,3,3,4,3,4,3,3.476,2.507
170,A_FISH_CALLED_WANDA,4,3,4,4,1,1,1,1,1,1,1,1,1,1,1,3,3,3,2.51,0.741
170,AMERICAN_HISTORY_X,3,3,4,1,2,1,3,4,5,3,1,1,1,1,1,1,1,1,0.877,2.363
170,CHILDS_PLAY_II,1,1,3,1,1,1,5,5,1,1,1,1,1,1,1,1,1,1,0.856,3.443
170,COPYCAT,1,3,3,1,5,2,4,4,4,3,1,1,1,1,1,1,1,1,0.864,3.042
170,DEAD_POETS_SOCIETY_1,1,4,3,1,5,4,5,5,5,3,1,1,1,1,1,1,1,1,0.849,3.852
170,DEAD_POETS_SOCIETY_2,5,3,5,5,1,1,1,1,1,1,4,4,0,1,5,5,5,1,4.421,0.706
170,FOREST_GUMP,4,4,3,4,1,1,1,1,1,1,1,5,5,1,4,4,4,1,3.856,0.717
170,SE7EN_1,3,4,4,1,1,1,2,2,1,1,1,1,1,1,1,1,1,1,0.895,1.439
170,SE7EN_3,1,1,1,1,1,1,1,1,1,1,1,1,1,1,1,1,1,1,0.908,0.771
170,THE_PROFESSIONAL,4,3,5,2,1,1,1,1,1,1,1,4,5,1,4,1,1,1,1.559,0.76
170,SOMETHING_ABOUT_MARY,3,4,3,2,1,1,1,1,1,1,1,1,1,1,1,1,1,1,1.022,0.769
170,TRAINSPOTTING,3,4,3,4,1,1,1,1,1,1,1,1,1,1,1,1,1,1,1.25,0.765
171,A_FISH_CALLED_WANDA,2,3,2,3,2,2,3,2,2,3,2,3,2,2,2,3,4,2,3.014,1.981
171,AMERICAN_HISTORY_X,2,2,3,3,3,4,3,4,4,4,4,3,3,2,2,2,2,4,2.089,2.603
171,CHILDS_PLAY_II,4,3,2,2,2,3,3,3,4,3,4,4,3,3,4,3,3,3,2.79,2.263
171,COPYCAT,3,2,2,2,2,2,2,2,2,2,2,2,2,2,2,2,2,2,1.816,1.542
171,DEAD_POETS_SOCIETY_1,2,2,4,2,4,3,3,3,3,4,2,0,3,3,3,2,3,3,1.726,2.38
171,DEAD_POETS_SOCIETY_2,2,3,3,0,2,3,3,2,4,3,3,3,2,3,3,4,3,3,2.733,2.056
171,FOREST_GUMP,4,3,2,3,2,4,0,2,3,3,3,3,3,3,4,0,2,3,1.433,0.771
171,SE7EN_1,2,2,3,4,2,3,4,3,3,3,4,5,5,3,3,3,2,2,2.904,2.722
171,SE7EN_3,2,2,2,3,3,3,4,0,3,3,3,0,2,4,3,4,4,1,2.82,2.15
171,THE_PROFESSIONAL,4,3,3,3,3,3,3,3,3,2,3,3,3,3,3,4,3,2,3.07,2.306
171,SOMETHING_ABOUT_MARY,3,3,3,3,3,3,3,4,3,3,3,3,2,3,3,3,3,4,2.72,2.52
171,TRAINSPOTTING,1,2,1,1,1,1,5,5,5,0,1,1,1,1,1,1,1,5,0.856,3.443
172,A_FISH_CALLED_WANDA,4,3,5,5,1,1,1,1,1,1,1,4,3,1,3,1,4,1,2.753,0.739
172,AMERICAN_HISTORY_X,1,2,2,2,2,3,4,4,4,4,2,2,2,3,2,1,1,3,1.159,2.961
172,CHILDS_PLAY_II,1,3,4,1,2,1,5,4,3,3,4,1,1,4,4,1,1,3,0.859,3.285
172,COPYCAT,2,4,3,2,4,3,4,4,3,3,4,1,1,3,3,1,1,4,0.978,3.062
172,DEAD_POETS_SOCIETY_1,1,3,4,1,5,2,5,5,2,0,0,1,1,1,2,1,1,1,0.851,3.71
172,DEAD_POETS_SOCIETY_2,4,4,5,4,4,2,2,2,2,2,4,4,4,2,5,4,3,2,3.376,1.611
172,FOREST_GUMP,3,3,3,3,4,3,4,3,1,1,4,4,4,2,5,4,4,2,3.523,2.808
172,SE7EN_1,3,3,3,1,5,2,5,4,4,3,3,1,1,3,2,1,1,4,0.855,3.503
172,SE7EN_3,3,3,3,3,3,3,4,2,2,2,2,2,2,2,2,2,2,2,1.91,2.582
172,THE_PROFESSIONAL,4,3,4,3,4,3,5,4,2,3,4,4,3,2,5,3,2,2,2.596,3.493
172,SOMETHING_ABOUT_MARY,4,5,5,4,2,2,2,2,2,2,4,4,3,3,3,3,4,3,3.316,1.515
172,TRAINSPOTTING,1,2,1,1,1,1,1,1,5,3,4,1,1,1,2,1,1,1,0.908,0.771
173,A_FISH_CALLED_WANDA,3,1,3,4,1,1,1,1,1,1,1,3,1,1,1,1,1,3,1.608,0.759
173,AMERICAN_HISTORY_X,1,4,1,1,1,5,5,5,5,5,1,1,1,1,1,1,1,1,0.852,3.727
173,CHILDS_PLAY_II,1,1,1,1,1,1,2,2,3,1,1,1,1,1,1,1,1,1,0.895,1.439
173,COPYCAT,1,3,3,1,1,1,4,4,4,1,1,1,1,1,1,1,1,1,0.869,2.775
173,DEAD_POETS_SOCIETY_1,2,4,4,1,1,1,4,4,1,1,1,1,1,1,1,1,1,1,0.869,2.775
173,DEAD_POETS_SOCIETY_2,5,2,3,5,3,1,1,1,1,1,1,4,3,1,1,4,3,1,3.505,0.821
173,FOREST_GUMP,5,5,4,5,3,0,1,1,1,1,1,3,3,1,4,3,3,1,2.981,0.76
173,SE7EN_1,4,4,5,1,3,3,1,3,5,5,1,1,1,1,1,1,1,1,0.896,1.425
173,SE7EN_3,3,2,3,1,1,1,1,1,2,1,1,1,1,1,1,1,1,1,0.908,0.771
173,THE_PROFESSIONAL,2,1,1,1,1,1,1,3,1,1,1,1,1,1,1,1,1,1,0.9,1.185
173,SOMETHING_ABOUT_MARY,3,2,1,4,1,1,1,1,3,1,1,1,1,1,1,1,1,1,1.25,0.765
173,TRAINSPOTTING,1,3,1,1,1,1,1,1,5,1,1,1,1,1,1,1,1,1,0.908,0.771
174,A_FISH_CALLED_WANDA,1,3,1,1,1,3,1,1,4,3,1,1,1,1,1,0,1,1,0.56,0.92
174,AMERICAN_HISTORY_X,4,5,4,0,3,1,1,1,1,1,3,2,2,2,2,2,3,2,1.885,0.851
174,CHILDS_PLAY_II,4,4,4,4,2,2,2,2,2,2,2,2,2,2,2,1,2,1,1.698,1.545
174,COPYCAT,2,3,2,2,2,2,2,2,2,2,3,2,2,2,2,2,2,2,1.816,1.542
174,DEAD_POETS_SOCIETY_1,4,5,4,3,2,2,2,2,2,2,2,3,3,4,3,2,3,2,2.393,1.532
174,DEAD_POETS_SOCIETY_2,5,5,4,2,2,2,2,2,2,2,2,2,2,2,2,2,0,1,1.248,1.552
174,FOREST_GUMP,3,3,1,1,1,1,1,1,1,1,1,1,1,1,1,1,1,1,0.908,0.771
174,SE7EN_1,5,5,4,4,3,1,1,1,3,1,3,3,3,2,2,2,2,2,2.236,0.845
174,SE7EN_3,5,5,4,3,2,2,2,3,2,2,2,2,1,1,1,1,1,1,1.296,1.759
174,THE_PROFESSIONAL,4,3,4,3,2,2,2,2,2,2,2,1,1,1,1,1,1,1,1.121,1.555
174,SOMETHING_ABOUT_MARY,4,5,4,4,1,1,1,1,1,1,2,1,1,1,1,1,1,1,1.25,0.765
174,TRAINSPOTTING,1,1,1,1,1,5,1,1,5,5,1,1,1,1,1,1,1,2,0.904,1.055
175,A_FISH_CALLED_WANDA,1,1,1,1,1,3,1,1,5,1,1,1,1,5,1,1,1,3,0.906,0.913
175,AMERICAN_HISTORY_X,5,5,3,1,3,3,3,1,3,3,3,1,1,3,3,1,1,5,0.886,1.933
175,CHILDS_PLAY_II,5,3,5,3,1,1,3,5,0,1,3,1,1,3,1,1,1,1,1.102,2.517
175,COPYCAT,5,3,3,3,1,1,1,3,1,1,3,1,1,1,1,3,1,1,1.82,1.167
175,DEAD_POETS_SOCIETY_1,5,5,5,3,3,1,1,5,1,1,3,1,1,1,3,3,1,1,1.81,1.679
175,DEAD_POETS_SOCIETY_2,3,3,1,1,1,3,1,1,1,1,3,1,1,1,3,1,1,1,0.906,0.913
175,FOREST_GUMP,5,5,5,5,1,1,1,1,1,1,3,5,5,1,3,5,5,1,4.6,0.703
175,SE7EN_1,5,5,3,3,1,1,1,3,1,1,1,1,1,1,3,3,1,1,1.82,1.167
175,SE7EN_3,1,1,1,1,1,3,1,1,3,1,1,0,1,1,1,1,1,1,0.727,0.916
175,THE_PROFESSIONAL,5,5,5,5,1,1,1,3,1,1,3,1,3,1,3,3,1,1,2.048,1.163
175,SOMETHING_ABOUT_MARY,5,5,1,5,1,1,1,1,1,1,3,3,1,1,1,3,3,3,2.982,0.733
175,TRAINSPOTTING,1,1,1,1,1,1,1,1,5,1,1,1,1,1,1,1,1,5,0.908,0.771
176,A_FISH_CALLED_WANDA,3,4,3,3,2,3,1,2,3,2,1,1,1,2,1,1,1,5,1.129,1.165
176,AMERICAN_HISTORY_X,4,3,5,1,2,2,4,4,3,2,2,1,1,1,1,4,1,1,1.905,2.874
176,CHILDS_PLAY_II,3,2,3,3,2,3,2,2,1,1,2,1,1,1,1,1,1,3,1.12,1.626
176,COPYCAT,3,4,2,2,2,2,2,2,1,1,1,1,1,1,1,1,1,3,1.007,1.557
176,DEAD_POETS_SOCIETY_1,2,2,5,1,4,3,4,4,3,3,2,1,1,2,4,4,2,3,2.186,3.038
176,DEAD_POETS_SOCIETY_2,4,2,3,4,4,1,1,2,1,1,3,5,5,2,4,4,3,1,3.565,1.076
176,FOREST_GUMP,5,4,5,5,3,1,1,1,1,1,3,5,5,1,5,5,5,1,4.598,0.801
176,SE7EN_1,4,3,4,2,3,2,3,3,2,2,1,2,1,2,3,1,2,2,1.456,2.266
176,SE7EN_3,1,3,1,1,1,1,2,2,1,1,1,1,1,1,1,1,1,1,0.895,1.439
176,THE_PROFESSIONAL,2,2,2,1,1,1,1,3,1,1,1,1,1,1,1,1,1,1,0.9,1.185
176,SOMETHING_ABOUT_MARY,4,4,3,4,1,1,2,3,3,3,3,3,2,2,1,1,1,3,1.591,1.634
176,TRAINSPOTTING,3,4,2,2,1,1,1,3,3,4,4,1,1,1,1,1,1,4,1.014,1.183
177,A_FISH_CALLED_WANDA,3,2,1,4,1,1,1,1,3,1,3,1,1,1,1,1,1,5,1.25,0.765
177,AMERICAN_HISTORY_X,1,3,1,1,1,3,1,1,3,5,1,1,1,1,1,1,1,1,0.906,0.913
177,CHILDS_PLAY_II,2,1,1,4,1,1,1,1,1,1,1,1,1,1,1,1,1,1,1.25,0.765
177,COPYCAT,4,3,1,4,1,1,1,1,1,1,4,1,1,1,1,4,1,1,2.288,0.744
177,DEAD_POETS_SOCIETY_1,1,1,1,1,1,1,1,1,1,1,1,1,1,1,1,1,1,1,0.908,0.771
177,DEAD_POETS_SOCIETY_2,4,4,3,3,2,1,1,1,1,1,1,3,1,1,2,3,1,1,2.185,0.796
177,FOREST_GUMP,4,4,3,3,1,1,1,1,1,1,1,3,1,1,3,3,3,1,2.754,0.737
177,SE7EN_1,3,3,2,1,1,5,1,1,1,1,1,1,1,1,1,1,1,1,0.904,1.055
177,SE7EN_3,1,2,1,1,1,1,1,1,1,1,1,1,1,1,1,1,1,1,0.908,0.771
177,THE_PROFESSIONAL,1,2,4,1,1,1,1,1,1,1,1,1,1,1,1,1,1,1,0.908,0.771
177,SOMETHING_ABOUT_MARY,5,5,4,4,1,1,1,1,1,1,1,1,1,1,1,1,4,1,2.102,0.75
177,TRAINSPOTTING,1,3,1,1,1,1,1,1,5,1,1,1,1,1,1,1,1,1,0.908,0.771
178,A_FISH_CALLED_WANDA,5,3,4,4,2,2,2,2,3,2,2,4,3,2,2,3,2,4,2.748,1.525
178,AMERICAN_HISTORY_X,1,2,4,1,1,4,3,3,5,5,1,1,1,1,1,1,1,3,0.879,2.32
178,CHILDS_PLAY_II,2,1,3,2,4,2,2,2,2,2,2,2,2,2,2,2,2,2,1.814,1.64
178,COPYCAT,1,1,2,2,2,4,3,2,4,4,2,2,2,2,2,2,2,4,1.805,2.145
178,DEAD_POETS_SOCIETY_1,2,2,4,2,4,2,2,4,2,2,3,2,2,2,2,2,2,2,1.806,2.054
178,DEAD_POETS_SOCIETY_2,5,3,4,4,1,1,1,1,1,1,4,4,3,1,4,4,4,2,3.677,0.72
178,FOREST_GUMP,4,4,3,4,2,2,2,2,2,2,1,4,4,3,4,4,4,2,3.662,1.508
178,SE7EN_1,4,5,2,2,2,2,2,3,2,2,4,2,2,3,2,2,2,4,1.812,1.749
178,SE7EN_3,2,3,2,2,2,2,2,2,2,2,2,2,2,2,2,2,2,2,1.816,1.542
178,THE_PROFESSIONAL,5,2,4,4,2,2,2,4,2,2,4,2,2,2,3,3,2,2,2.382,1.945
178,SOMETHING_ABOUT_MARY,3,2,2,4,2,2,2,2,2,2,3,3,2,2,2,3,2,4,2.569,1.528
178,TRAINSPOTTING,1,4,2,2,2,4,2,2,4,4,3,2,2,3,2,1,2,3,1.468,1.691
179,A_FISH_CALLED_WANDA,3,3,3,3,1,2,1,2,1,3,3,3,3,2,2,4,4,4,3.379,1.003
179,AMERICAN_HISTORY_X,3,2,2,4,4,5,4,3,3,2,2,2,2,2,5,4,5,5,3.561,2.949
179,CHILDS_PLAY_II,3,3,3,2,2,4,5,4,5,3,2,2,5,0,3,0,0,3,0.519,3.505
179,COPYCAT,1,1,3,2,5,2,5,2,2,2,2,1,1,2,1,3,3,3,2.237,3.063
179,DEAD_POETS_SOCIETY_1,3,2,2,5,5,5,5,5,4,4,3,1,1,1,1,1,1,1,1.304,3.915
179,DEAD_POETS_SOCIETY_2,4,5,3,3,4,0,4,2,2,2,2,2,5,2,2,2,2,3,1.912,2.418
179,FOREST_GUMP,5,5,4,5,5,1,1,2,1,1,4,5,5,5,5,5,5,1,4.592,1.106
179,SE7EN_1,3,3,2,3,2,2,4,2,2,5,3,2,2,3,4,2,1,1,1.628,2.467
179,SE7EN_3,3,4,3,3,3,3,3,3,3,3,3,3,3,3,3,3,3,3,2.724,2.313
179,THE_PROFESSIONAL,2,1,1,1,2,1,3,2,2,3,2,1,3,1,2,1,1,1,0.885,1.949
179,SOMETHING_ABOUT_MARY,5,4,5,5,1,1,1,1,1,1,5,5,5,5,5,2,2,2,2.71,0.739
179,TRAINSPOTTING,1,3,1,1,1,1,1,1,1,1,1,1,1,1,1,1,1,1,0.908,0.771
180,A_FISH_CALLED_WANDA,3,3,1,2,1,1,1,1,1,1,2,3,3,1,1,1,1,3,1.38,0.763
180,AMERICAN_HISTORY_X,1,3,1,1,3,3,0,2,5,0,1,1,1,1,1,1,1,4,0.909,0.757
180,CHILDS_PLAY_II,1,1,1,1,1,3,2,2,3,1,1,1,1,1,1,1,1,1,0.893,1.581
180,COPYCAT,1,3,1,1,2,3,2,2,3,3,2,1,1,2,1,1,1,1,0.892,1.63
180,DEAD_POETS_SOCIETY_1,3,5,1,1,5,3,2,3,2,2,1,1,1,1,3,1,1,1,0.885,1.984
180,DEAD_POETS_SOCIETY_2,5,5,3,3,3,1,1,1,1,1,3,3,3,1,5,4,2,1,2.814,0.833
180,FOREST_GUMP,4,5,1,4,1,1,1,1,1,1,2,4,4,1,4,4,3,1,3.393,0.725
180,SE7EN_1,4,5,1,1,4,3,3,5,2,2,1,1,1,1,1,1,1,1,0.869,2.81
180,SE7EN_3,3,3,1,1,3,1,2,2,4,1,1,1,1,1,1,1,1,2,0.893,1.537
180,THE_PROFESSIONAL,4,4,3,1,2,1,1,1,1,1,3,2,1,1,5,1,1,1,1.086,0.817
180,SOMETHING_ABOUT_MARY,3,3,1,4,1,1,1,0,1,1,2,3,3,1,1,2,1,5,1.958,0.545
180,TRAINSPOTTING,2,3,1,1,1,2,1,1,5,2,2,0,1,1,1,1,1,4,0.728,0.845
181,A_FISH_CALLED_WANDA,3,5,1,2,1,1,1,1,1,3,1,1,1,1,1,1,1,2,1.022,0.769
181,CHILDS_PLAY_II,4,5,5,1,1,1,3,5,1,1,1,1,1,1,1,3,1,1,1.566,2.507
181,COPYCAT,1,5,4,1,5,4,2,3,5,2,1,1,1,1,1,1,1,2,0.884,2.055
181,DEAD_POETS_SOCIETY_1,4,5,4,2,3,1,2,3,1,1,1,1,1,2,1,1,1,1,1.003,1.742
181,DEAD_POETS_SOCIETY_2,5,5,5,5,5,1,1,1,1,1,4,4,4,0,4,4,4,1,3.787,0.914
181,FOREST_GUMP,5,5,5,5,5,1,1,1,1,1,5,5,5,1,5,5,5,1,4.596,0.899
181,SE7EN_1,5,5,5,1,5,5,1,5,1,1,5,1,1,4,3,2,3,1,1.798,2.062
181,SE7EN_3,3,4,4,1,1,1,1,2,1,1,1,1,1,1,1,1,1,1,0.904,0.978
181,THE_PROFESSIONAL,4,5,4,1,4,1,1,3,1,1,1,1,3,1,3,2,1,1,1.243,1.325
181,SOMETHING_ABOUT_MARY,4,5,3,1,1,1,1,1,2,1,1,1,2,1,1,2,2,1,1.538,0.759
181,TRAINSPOTTING,1,5,1,1,1,1,1,1,4,4,1,1,1,1,1,1,1,1,0.908,0.771
182,A_FISH_CALLED_WANDA,4,5,3,4,1,1,1,1,2,1,4,3,2,1,1,2,1,1,1.954,0.752
182,AMERICAN_HISTORY_X,2,3,3,1,2,4,2,2,3,3,3,1,1,1,1,1,1,1,0.891,1.701
182,CHILDS_PLAY_II,1,3,1,1,1,5,5,5,5,5,1,1,1,1,1,1,1,1,0.852,3.727
182,COPYCAT,4,5,5,1,1,1,1,2,1,1,2,1,1,1,1,1,1,1,0.904,0.978
182,DEAD_POETS_SOCIETY_1,2,4,3,1,1,1,1,2,1,1,2,1,1,1,1,1,1,1,0.904,0.978
182,DEAD_POETS_SOCIETY_2,5,4,3,3,1,1,1,1,1,1,2,3,2,1,3,2,1,1,1.84,0.754
182,FOREST_GUMP,4,5,3,3,2,1,1,1,1,1,1,2,2,1,2,2,2,1,1.944,0.801
182,SE7EN_1,4,4,4,1,2,2,1,2,1,1,1,1,1,1,2,1,1,1,0.902,1.098
182,SE7EN_3,1,4,3,1,2,1,1,2,1,1,1,1,1,1,1,1,1,1,0.903,1.027
182,THE_PROFESSIONAL,4,4,4,2,3,2,1,1,1,1,2,2,2,1,3,2,1,1,1.544,0.928
182,SOMETHING_ABOUT_MARY,5,4,3,4,1,1,1,1,3,1,3,4,2,1,1,2,1,1,2.133,0.749
182,TRAINSPOTTING,4,5,4,3,1,1,1,1,3,1,3,1,1,1,1,1,1,1,1.136,0.767
183,A_FISH_CALLED_WANDA,5,3,4,5,1,1,1,1,1,1,1,5,3,1,1,1,1,1,2.08,0.751
183,AMERICAN_HISTORY_X,5,5,5,1,2,4,3,4,5,5,4,1,1,3,3,1,1,1,0.874,2.576
183,CHILDS_PLAY_II,5,4,5,1,1,2,2,5,1,1,3,3,1,1,1,3,3,1,2.5,2.101
183,COPYCAT,3,4,3,1,2,3,1,1,2,3,1,1,1,1,3,1,1,1,0.905,0.962
183,DEAD_POETS_SOCIETY_1,5,3,4,1,3,1,2,3,3,4,4,1,1,2,1,1,3,2,1.457,1.734
183,DEAD_POETS_SOCIETY_2,4,4,5,5,1,1,1,1,1,1,2,5,4,1,5,1,1,1,2.08,0.751
183,FOREST_GUMP,4,4,3,4,4,1,3,4,1,1,1,4,4,2,4,4,3,1,3.36,2.415
183,SE7EN_1,5,4,4,2,1,1,2,4,1,3,3,1,1,2,3,2,3,1,1.915,1.834
183,SE7EN_3,5,4,3,1,1,0,3,4,1,1,1,1,1,1,1,1,1,1,0.879,2.243
183,THE_PROFESSIONAL,4,5,3,3,1,1,1,1,1,1,1,1,3,0,4,1,1,1,1.136,0.767
183,SOMETHING_ABOUT_MARY,4,3,3,3,2,2,1,3,3,3,2,3,2,1,1,2,1,1,1.83,1.288
183,TRAINSPOTTING,4,3,4,2,1,1,1,4,5,2,2,1,1,1,2,1,1,1,1.01,1.39
184,A_FISH_CALLED_WANDA,5,2,5,5,1,1,1,1,1,1,4,4,2,1,3,4,4,5,3.791,0.718
184,AMERICAN_HISTORY_X,3,3,5,1,4,5,5,5,5,5,4,1,1,5,5,1,1,5,0.849,3.874
184,CHILDS_PLAY_II,5,4,5,4,1,1,5,5,1,1,5,1,1,4,4,1,1,1,1.198,3.437
184,COPYCAT,1,5,5,1,5,5,5,5,5,5,5,1,1,1,5,1,1,3,0.848,3.923
184,DEAD_POETS_SOCIETY_1,4,5,5,1,3,1,5,5,5,5,5,1,1,5,5,1,1,2,0.854,3.541
184,DEAD_POETS_SOCIETY_2,5,5,3,1,3,3,2,5,2,5,2,5,3,1,3,3,0,1,2.003,2.279
184,FOREST_GUMP,4,3,4,1,5,1,1,1,1,1,1,4,4,4,5,3,3,3,2.701,0.934
184,SE7EN_1,3,4,3,1,4,4,4,4,4,4,2,1,1,4,1,1,1,4,0.863,3.135
184,SE7EN_3,3,3,5,1,1,1,5,5,1,1,1,1,1,1,1,0,1,1,0.51,3.45
184,THE_PROFESSIONAL,3,5,5,1,5,5,5,5,3,3,3,1,1,3,3,1,1,2,0.848,3.923
184,SOMETHING_ABOUT_MARY,5,5,5,5,1,1,1,1,1,1,3,3,5,1,3,4,4,3,3.612,0.721
184,TRAINSPOTTING,2,5,1,1,1,3,3,3,5,5,5,1,1,1,0,1,1,5,0.88,2.249
185,A_FISH_CALLED_WANDA,4,3,3,2,1,1,1,1,1,1,2,5,4,1,1,3,3,1,2.998,0.733
185,AMERICAN_HISTORY_X,1,3,1,1,5,5,1,1,5,5,2,1,1,5,1,1,1,1,0.9,1.251
185,CHILDS_PLAY_II,5,4,3,3,1,1,1,3,1,1,1,1,1,1,1,1,1,1,1.128,1.181
185,COPYCAT,4,3,2,3,2,1,1,1,1,1,2,1,1,2,2,2,1,1,1.481,0.809
185,DEAD_POETS_SOCIETY_1,3,3,3,1,3,2,1,2,1,1,1,1,0,2,1,1,1,1,0.901,1.147
185,DEAD_POETS_SOCIETY_2,3,2,3,4,1,1,1,1,1,1,1,4,4,1,1,2,1,1,2.133,0.749
185,FOREST_GUMP,5,5,4,4,2,2,2,1,1,1,2,3,2,2,4,2,0,3,1.659,1.338
185,SE7EN_1,5,5,5,3,2,1,2,2,1,1,2,1,1,1,1,5,1,4,2.506,1.456
185,SE7EN_3,3,3,2,2,1,1,2,2,1,1,2,1,1,1,2,1,1,1,1.009,1.437
185,THE_PROFESSIONAL,5,4,4,3,2,1,1,2,1,1,2,1,1,2,1,4,1,1,2.169,1.002
185,SOMETHING_ABOUT_MARY,5,2,4,4,1,1,1,1,1,1,2,1,1,1,1,5,1,1,2.634,0.737
185,TRAINSPOTTING,4,3,1,5,1,1,1,1,3,3,4,1,1,1,1,2,1,1,1.71,0.756
187,A_FISH_CALLED_WANDA,4,4,1,1,1,1,1,1,1,1,3,3,2,1,1,1,1,2,1.266,0.765
187,AMERICAN_HISTORY_X,3,3,1,1,3,3,1,4,2,1,1,1,1,1,1,1,1,1,0.892,1.632
187,CHILDS_PLAY_II,3,5,1,1,1,1,2,4,1,1,4,1,1,1,1,1,1,1,0.887,1.853
187,COPYCAT,4,2,3,1,1,1,2,4,2,1,4,1,1,1,1,1,1,1,0.887,1.853
187,DEAD_POETS_SOCIETY_1,4,2,1,1,3,1,1,3,1,1,2,1,1,1,1,1,1,1,0.898,1.283
187,DEAD_POETS_SOCIETY_2,4,5,2,3,1,1,1,2,1,1,1,2,1,1,1,1,1,1,1.311,0.971
187,FOREST_GUMP,4,3,1,3,2,1,1,1,1,1,1,4,3,1,2,1,2,1,1.956,0.802
187,SE7EN_1,4,3,2,1,1,1,1,4,2,1,2,1,1,1,1,1,1,1,0.896,1.392
187,SE7EN_3,3,5,1,1,1,1,2,3,2,1,1,1,1,1,1,1,1,1,0.891,1.646
187,THE_PROFESSIONAL,4,2,3,2,2,1,1,0,1,1,1,3,2,1,1,3,1,1,2.075,0.591
187,SOMETHING_ABOUT_MARY,4,2,1,3,1,1,1,1,2,1,1,1,1,1,1,1,1,2,1.136,0.767
187,TRAINSPOTTING,3,3,1,1,1,1,1,1,4,1,4,1,1,1,1,1,1,2,0.908,0.771